{
  "dimensions": {
    "minecraft:overworld": {
      "type": "minecraft:overworld",
      "generator": {
        "type": "novoatlas:image_map",
        "map_info": "dreamatlas:atlasmap",
        "settings": "minecraft:overworld",
        "underground_density_function": "novoatlas:caves",
        "enable_carvers": true,
        "biome_source": {
          "type": "novoatlas:color_map",
          "map_info": "dreamatlas:atlasmap",
          "default_biome": "minecraft:deep_ocean"
        }
      }
    },

    "minecraft:the_nether": {
      "type": "minecraft:the_nether",
      "generator": {
        "type": "minecraft:noise",
        "settings": "minecraft:nether",
        "biome_source": {
          "type": "minecraft:multi_noise",
          "preset": "minecraft:nether"
        }
      }
    },

    "minecraft:the_end": {
      "type": "minecraft:the_end",
      "generator": {
        "type": "minecraft:noise",
        "settings": "minecraft:end",
        "biome_source": {
          "type": "minecraft:the_end"
        }
      }
    }
  }
}
