{
	"credit": "Made with Blockbench",
	"ambientocclusion": false,
	"textures": {
		"1": "block/light_blue_wool",
		"2": "block/sponge",
		"particle": "block/lily_pad",
		"texture": "block/lily_pad"
	},
	"elements": [
		{
			"from": [1, -1.775, 6],
			"to": [14, -1.575, 11],
			"rotation": {"angle": 0, "axis": "y", "origin": [9, 8.9, 14]},
			"faces": {
				"east": {"uv": [2, 6, 3, 11], "texture": "#texture", "tintindex": 0},
				"south": {"uv": [2, 10, 15, 11], "texture": "#texture", "tintindex": 0},
				"west": {"uv": [2, 6, 3, 11], "texture": "#texture", "tintindex": 0},
				"up": {"uv": [15, 6, 2, 11], "texture": "#texture", "tintindex": 0},
				"down": {"uv": [15, 11, 2, 6], "texture": "#texture", "tintindex": 0}
			}
		},
		{
			"from": [1, -1.775, 4],
			"to": [7, -1.575, 6],
			"rotation": {"angle": 0, "axis": "y", "origin": [9, 8.9, 9]},
			"faces": {
				"north": {"uv": [2, 4, 8, 5], "texture": "#texture", "tintindex": 0},
				"east": {"uv": [7, 4, 8, 6], "rotation": 90, "texture": "#texture", "tintindex": 0},
				"west": {"uv": [2, 4, 3, 6], "texture": "#texture", "tintindex": 0},
				"up": {"uv": [2, 4, 8, 6], "texture": "#texture", "tintindex": 0},
				"down": {"uv": [15, 6, 9, 4], "texture": "#texture", "tintindex": 0}
			}
		},
		{
			"from": [2, -1.775, 2],
			"to": [4, -1.575, 4],
			"rotation": {"angle": 0, "axis": "y", "origin": [10, 8.9, 7]},
			"faces": {
				"north": {"uv": [3, 2, 5, 3], "rotation": 180, "texture": "#texture", "tintindex": 0},
				"west": {"uv": [3, 2, 4, 4], "texture": "#texture", "tintindex": 0},
				"up": {"uv": [3, 2, 5, 4], "texture": "#texture", "tintindex": 0},
				"down": {"uv": [4, 4, 3, 2], "texture": "#texture", "tintindex": 0}
			}
		},
		{
			"from": [11, -1.775, 2],
			"to": [13, -1.575, 4],
			"rotation": {"angle": 0, "axis": "y", "origin": [19, 8.9, 7]},
			"faces": {
				"north": {"uv": [12, 2, 14, 3], "rotation": 180, "texture": "#texture", "tintindex": 0},
				"east": {"uv": [13, 2, 14, 4], "texture": "#texture", "tintindex": 0},
				"up": {"uv": [12, 2, 14, 4], "texture": "#texture", "tintindex": 0},
				"down": {"uv": [14, 4, 13, 2], "texture": "#texture", "tintindex": 0}
			}
		},
		{
			"from": [3, -1.775, 1],
			"to": [6, -1.575, 4],
			"rotation": {"angle": 0, "axis": "y", "origin": [11, 8.9, 6]},
			"faces": {
				"north": {"uv": [4, 1, 7, 2], "rotation": 180, "texture": "#texture", "tintindex": 0},
				"east": {"uv": [6, 1, 7, 4], "rotation": 90, "texture": "#texture", "tintindex": 0},
				"west": {"uv": [4, 1, 5, 4], "rotation": 270, "texture": "#texture", "tintindex": 0},
				"up": {"uv": [4, 1, 7, 4], "texture": "#texture", "tintindex": 0},
				"down": {"uv": [13, 4, 10, 1], "texture": "#texture", "tintindex": 0}
			}
		},
		{
			"from": [9, -1.775, 1],
			"to": [12, -1.575, 4],
			"rotation": {"angle": 0, "axis": "y", "origin": [17, 8.9, 6]},
			"faces": {
				"north": {"uv": [10, 1, 13, 2], "rotation": 180, "texture": "#texture", "tintindex": 0},
				"east": {"uv": [12, 1, 13, 4], "rotation": 90, "texture": "#texture", "tintindex": 0},
				"west": {"uv": [10, 1, 11, 4], "rotation": 270, "texture": "#texture", "tintindex": 0},
				"up": {"uv": [10, 1, 13, 4], "texture": "#texture", "tintindex": 0},
				"down": {"uv": [7, 4, 4, 1], "texture": "#texture", "tintindex": 0}
			}
		},
		{
			"from": [6, -1.775, 3],
			"to": [7, -1.575, 4],
			"rotation": {"angle": 0, "axis": "y", "origin": [12, 8.9, 6]},
			"faces": {
				"north": {"uv": [7, 3, 8, 4], "texture": "#texture", "tintindex": 0},
				"east": {"uv": [7, 3, 8, 4], "texture": "#texture", "tintindex": 0},
				"up": {"uv": [7, 3, 8, 4], "texture": "#texture", "tintindex": 0},
				"down": {"uv": [8, 4, 7, 3], "texture": "#texture", "tintindex": 0}
			}
		},
		{
			"from": [8, -1.775, 3],
			"to": [9, -1.575, 4],
			"rotation": {"angle": 0, "axis": "y", "origin": [14, 8.9, 6]},
			"faces": {
				"north": {"uv": [9, 3, 10, 4], "texture": "#texture", "tintindex": 0},
				"west": {"uv": [9, 3, 10, 4], "texture": "#texture", "tintindex": 0},
				"up": {"uv": [9, 3, 10, 4], "texture": "#texture", "tintindex": 0},
				"down": {"uv": [10, 4, 9, 3], "texture": "#texture", "tintindex": 0}
			}
		},
		{
			"from": [7, -1.775, 5],
			"to": [8, -1.575, 6],
			"rotation": {"angle": 0, "axis": "y", "origin": [10, 8.9, 9]},
			"faces": {
				"north": {"uv": [8, 5, 9, 6], "texture": "#texture", "tintindex": 0},
				"up": {"uv": [8, 5, 9, 6], "texture": "#texture", "tintindex": 0},
				"down": {"uv": [8, 5, 9, 6], "texture": "#texture", "tintindex": 0}
			}
		},
		{
			"from": [8, -1.775, 4],
			"to": [14, -1.575, 6],
			"rotation": {"angle": 0, "axis": "y", "origin": [16, 8.9, 9]},
			"faces": {
				"north": {"uv": [9, 4, 15, 5], "texture": "#texture", "tintindex": 0},
				"east": {"uv": [14, 4, 15, 6], "texture": "#texture", "tintindex": 0},
				"west": {"uv": [9, 4, 10, 6], "rotation": 270, "texture": "#texture", "tintindex": 0},
				"up": {"uv": [9, 4, 15, 6], "texture": "#texture", "tintindex": 0},
				"down": {"uv": [8, 6, 2, 4], "texture": "#texture", "tintindex": 0}
			}
		},
		{
			"from": [2, -1.775, 11],
			"to": [13, -1.575, 13],
			"rotation": {"angle": 0, "axis": "y", "origin": [9, 8.9, 16]},
			"faces": {
				"east": {"uv": [13, 11, 14, 13], "texture": "#texture", "tintindex": 0},
				"south": {"uv": [3, 12, 14, 13], "texture": "#texture", "tintindex": 0},
				"west": {"uv": [3, 11, 4, 13], "texture": "#texture", "tintindex": 0},
				"up": {"uv": [14, 11, 3, 13], "texture": "#texture", "tintindex": 0},
				"down": {"uv": [14, 13, 3, 11], "texture": "#texture", "tintindex": 0}
			}
		},
		{
			"from": [3, -1.775, 13],
			"to": [12, -1.575, 14],
			"rotation": {"angle": 0, "axis": "y", "origin": [9, 8.9, 18]},
			"faces": {
				"east": {"uv": [12, 13, 13, 14], "texture": "#texture", "tintindex": 0},
				"south": {"uv": [4, 13, 13, 14], "texture": "#texture", "tintindex": 0},
				"west": {"uv": [4, 13, 5, 14], "texture": "#texture", "tintindex": 0},
				"up": {"uv": [13, 13, 4, 14], "texture": "#texture", "tintindex": 0},
				"down": {"uv": [13, 14, 4, 13], "texture": "#texture", "tintindex": 0}
			}
		},
		{
			"from": [5, -1.775, 14],
			"to": [10, -1.575, 15],
			"rotation": {"angle": 0, "axis": "y", "origin": [9, 8.9, 19]},
			"faces": {
				"east": {"uv": [10, 14, 11, 15], "texture": "#texture", "tintindex": 0},
				"south": {"uv": [6, 14, 11, 15], "texture": "#texture", "tintindex": 0},
				"west": {"uv": [6, 14, 7, 15], "texture": "#texture", "tintindex": 0},
				"up": {"uv": [11, 14, 6, 15], "texture": "#texture", "tintindex": 0},
				"down": {"uv": [11, 15, 6, 14], "texture": "#texture", "tintindex": 0}
			}
		},
		{
			"from": [5, -2.1, 13],
			"to": [10, -1.25, 14],
			"rotation": {"angle": 0, "axis": "y", "origin": [9, 9.9, 10]},
			"faces": {
				"east": {"uv": [10, 13, 11, 14], "texture": "#texture", "tintindex": 0},
				"south": {"uv": [6, 13, 11, 14], "texture": "#texture", "tintindex": 0},
				"west": {"uv": [6, 13, 7, 14], "texture": "#texture", "tintindex": 0},
				"up": {"uv": [11, 13, 6, 14], "texture": "#texture", "tintindex": 0},
				"down": {"uv": [11, 14, 6, 13], "texture": "#texture", "tintindex": 0}
			}
		},
		{
			"from": [12, -2.1, 4],
			"to": [13, -1.25, 11],
			"rotation": {"angle": 0, "axis": "y", "origin": [18, 9.9, 8]},
			"faces": {
				"north": {"uv": [13, 4, 14, 5], "texture": "#texture", "tintindex": 0},
				"east": {"uv": [13, 4, 14, 11], "rotation": 90, "texture": "#texture", "tintindex": 0},
				"south": {"uv": [13, 10, 14, 11], "texture": "#texture", "tintindex": 0},
				"up": {"uv": [14, 4, 13, 11], "texture": "#texture", "tintindex": 0},
				"down": {"uv": [14, 11, 13, 4], "texture": "#texture", "tintindex": 0}
			}
		},
		{
			"from": [2, -2.1, 4],
			"to": [3, -1.25, 11],
			"rotation": {"angle": 0, "axis": "y", "origin": [8, 9.9, 8]},
			"faces": {
				"north": {"uv": [3, 4, 4, 5], "texture": "#texture", "tintindex": 0},
				"south": {"uv": [3, 10, 4, 11], "texture": "#texture", "tintindex": 0},
				"west": {"uv": [3, 4, 4, 11], "rotation": 90, "texture": "#texture", "tintindex": 0},
				"up": {"uv": [4, 4, 3, 11], "texture": "#texture", "tintindex": 0},
				"down": {"uv": [4, 11, 3, 4], "texture": "#texture", "tintindex": 0}
			}
		},
		{
			"from": [10, -2.1, 2],
			"to": [12, -1.25, 6],
			"rotation": {"angle": 0, "axis": "y", "origin": [16, 9.9, 3]},
			"faces": {
				"north": {"uv": [4, 2, 6, 3], "texture": "#texture", "tintindex": 0},
				"east": {"uv": [4, 2, 5, 6], "rotation": 90, "texture": "#texture", "tintindex": 0},
				"west": {"uv": [12, 2, 13, 6], "rotation": 270, "texture": "#texture", "tintindex": 0},
				"up": {"uv": [13, 2, 11, 6], "texture": "#texture", "tintindex": 0},
				"down": {"uv": [13, 6, 11, 2], "texture": "#texture", "tintindex": 0}
			}
		},
		{
			"from": [9, -2.1, 3],
			"to": [10, -1.25, 6],
			"rotation": {"angle": 0, "axis": "y", "origin": [14, 9.9, 3]},
			"faces": {
				"north": {"uv": [10, 3, 11, 4], "texture": "#texture", "tintindex": 0},
				"west": {"uv": [10, 3, 11, 6], "rotation": 270, "texture": "#texture", "tintindex": 0},
				"up": {"uv": [11, 3, 10, 6], "texture": "#texture", "tintindex": 0},
				"down": {"uv": [7, 6, 6, 3], "texture": "#texture", "tintindex": 0}
			}
		},
		{
			"from": [5, -2.1, 3],
			"to": [6, -1.25, 6],
			"rotation": {"angle": 0, "axis": "y", "origin": [10, 9.9, 3]},
			"faces": {
				"north": {"uv": [6, 3, 7, 4], "texture": "#texture", "tintindex": 0},
				"east": {"uv": [10, 3, 11, 6], "rotation": 90, "texture": "#texture", "tintindex": 0},
				"up": {"uv": [7, 3, 6, 6], "texture": "#texture", "tintindex": 0},
				"down": {"uv": [10, 6, 11, 3], "texture": "#texture", "tintindex": 0}
			}
		},
		{
			"from": [3, -2.1, 2],
			"to": [5, -1.25, 6],
			"rotation": {"angle": 0, "axis": "y", "origin": [9, 9.9, 3]},
			"faces": {
				"north": {"uv": [4, 2, 6, 3], "texture": "#texture", "tintindex": 0},
				"east": {"uv": [4, 2, 5, 6], "rotation": 90, "texture": "#texture", "tintindex": 0},
				"west": {"uv": [5, 2, 6, 6], "rotation": 270, "texture": "#texture", "tintindex": 0},
				"up": {"uv": [6, 2, 4, 6], "texture": "#texture", "tintindex": 0},
				"down": {"uv": [6, 6, 4, 2], "texture": "#texture", "tintindex": 0}
			}
		},
		{
			"from": [3, -2.1, 6],
			"to": [12, -1.25, 13],
			"rotation": {"angle": 0, "axis": "y", "origin": [9, 9.9, 10]},
			"faces": {
				"north": {"uv": [4, 5, 13, 6], "texture": "#texture", "tintindex": 0},
				"east": {"uv": [12, 6, 13, 13], "rotation": 90, "texture": "#texture", "tintindex": 0},
				"south": {"uv": [4, 12, 13, 13], "texture": "#texture", "tintindex": 0},
				"west": {"uv": [4, 6, 5, 13], "rotation": 270, "texture": "#texture", "tintindex": 0},
				"up": {"uv": [13, 6, 4, 13], "texture": "#texture", "tintindex": 0},
				"down": {"uv": [13, 6, 4, 13], "texture": "#texture", "tintindex": 0}
			}
		},
		{
			"from": [5, -1.25, 10],
			"to": [6, -0.25, 11],
			"rotation": {"angle": 0, "axis": "y", "origin": [13, 9, 18]},
			"faces": {
				"north": {"uv": [4, 9, 5, 10], "texture": "#1"},
				"east": {"uv": [4, 9, 5, 10], "texture": "#1"},
				"south": {"uv": [4, 9, 5, 10], "texture": "#1"},
				"west": {"uv": [4, 9, 5, 10], "texture": "#1"},
				"up": {"uv": [4, 9, 5, 10], "texture": "#1"},
				"down": {"uv": [4, 9, 5, 10], "texture": "#1"}
			}
		},
		{
			"from": [3, -1.25, 10],
			"to": [4, -0.25, 11],
			"rotation": {"angle": 0, "axis": "y", "origin": [11, 9, 18]},
			"faces": {
				"north": {"uv": [4, 9, 5, 10], "texture": "#1"},
				"east": {"uv": [4, 9, 5, 10], "texture": "#1"},
				"south": {"uv": [4, 9, 5, 10], "texture": "#1"},
				"west": {"uv": [4, 9, 5, 10], "texture": "#1"},
				"up": {"uv": [4, 9, 5, 10], "texture": "#1"},
				"down": {"uv": [4, 9, 5, 10], "texture": "#1"}
			}
		},
		{
			"from": [4, -1.25, 11],
			"to": [5, -0.25, 12],
			"rotation": {"angle": 0, "axis": "y", "origin": [12, 9, 19]},
			"faces": {
				"north": {"uv": [4, 9, 5, 10], "texture": "#1"},
				"east": {"uv": [4, 9, 5, 10], "texture": "#1"},
				"south": {"uv": [4, 9, 5, 10], "texture": "#1"},
				"west": {"uv": [4, 9, 5, 10], "texture": "#1"},
				"up": {"uv": [4, 9, 5, 10], "texture": "#1"},
				"down": {"uv": [4, 9, 5, 10], "texture": "#1"}
			}
		},
		{
			"from": [4, -1.25, 9],
			"to": [5, -0.25, 10],
			"rotation": {"angle": 0, "axis": "y", "origin": [12, 9, 17]},
			"faces": {
				"north": {"uv": [4, 9, 5, 10], "texture": "#1"},
				"east": {"uv": [4, 9, 5, 10], "texture": "#1"},
				"south": {"uv": [4, 9, 5, 10], "texture": "#1"},
				"west": {"uv": [4, 9, 5, 10], "texture": "#1"},
				"up": {"uv": [4, 9, 5, 10], "texture": "#1"},
				"down": {"uv": [4, 9, 5, 10], "texture": "#1"}
			}
		},
		{
			"from": [5, -0.5, 9],
			"to": [6, 0.5, 10],
			"rotation": {"angle": 0, "axis": "y", "origin": [13, 9, 17]},
			"faces": {
				"north": {"uv": [0, 0, 1, 1], "texture": "#1"},
				"east": {"uv": [0, 0, 1, 1], "texture": "#1"},
				"south": {"uv": [0, 0, 1, 1], "texture": "#1"},
				"west": {"uv": [0, 0, 1, 1], "texture": "#1"},
				"up": {"uv": [0, 0, 1, 1], "texture": "#1"},
				"down": {"uv": [0, 0, 1, 1], "texture": "#1"}
			}
		},
		{
			"from": [3, -0.5, 9],
			"to": [4, 0.4, 10],
			"rotation": {"angle": 0, "axis": "y", "origin": [11, 9, 17]},
			"faces": {
				"north": {"uv": [0, 0, 1, 1], "texture": "#1"},
				"east": {"uv": [0, 0, 1, 1], "texture": "#1"},
				"south": {"uv": [0, 0, 1, 1], "texture": "#1"},
				"west": {"uv": [0, 0, 1, 1], "texture": "#1"},
				"up": {"uv": [0, 0, 1, 1], "texture": "#1"},
				"down": {"uv": [0, 0, 1, 1], "texture": "#1"}
			}
		},
		{
			"from": [5, -0.5, 11],
			"to": [6, 0.45, 12],
			"rotation": {"angle": 0, "axis": "y", "origin": [13, 9, 19]},
			"faces": {
				"north": {"uv": [0, 0, 1, 1], "texture": "#1"},
				"east": {"uv": [0, 0, 1, 1], "texture": "#1"},
				"south": {"uv": [0, 0, 1, 1], "texture": "#1"},
				"west": {"uv": [0, 0, 1, 1], "texture": "#1"},
				"up": {"uv": [0, 0, 1, 1], "texture": "#1"},
				"down": {"uv": [0, 0, 1, 1], "texture": "#1"}
			}
		},
		{
			"from": [6, -0.5, 10],
			"to": [7, 1.02, 11],
			"rotation": {"angle": 0, "axis": "y", "origin": [14, 9, 18]},
			"faces": {
				"north": {"uv": [0, 0, 1, 1], "texture": "#1"},
				"east": {"uv": [0, 0, 1, 1], "texture": "#1"},
				"south": {"uv": [0, 0, 1, 1], "texture": "#1"},
				"west": {"uv": [0, 0, 1, 1], "texture": "#1"},
				"up": {"uv": [0, 0, 1, 1], "texture": "#1"},
				"down": {"uv": [0, 0, 1, 1], "texture": "#1"}
			}
		},
		{
			"from": [4, -0.5, 8],
			"to": [5, 0.95, 9],
			"rotation": {"angle": 0, "axis": "y", "origin": [12, 9, 16]},
			"faces": {
				"north": {"uv": [0, 0, 1, 1], "texture": "#1"},
				"east": {"uv": [0, 0, 1, 1], "texture": "#1"},
				"south": {"uv": [0, 0, 1, 1], "texture": "#1"},
				"west": {"uv": [0, 0, 1, 1], "texture": "#1"},
				"up": {"uv": [0, 0, 1, 1], "texture": "#1"},
				"down": {"uv": [0, 0, 1, 1], "texture": "#1"}
			}
		},
		{
			"from": [2, -0.5, 10],
			"to": [3, 1.08, 11],
			"rotation": {"angle": 0, "axis": "y", "origin": [10, 9, 18]},
			"faces": {
				"north": {"uv": [0, 0, 1, 1], "texture": "#1"},
				"east": {"uv": [0, 0, 1, 1], "texture": "#1"},
				"south": {"uv": [0, 0, 1, 1], "texture": "#1"},
				"west": {"uv": [0, 0, 1, 1], "texture": "#1"},
				"up": {"uv": [0, 0, 1, 1], "texture": "#1"},
				"down": {"uv": [0, 0, 1, 1], "texture": "#1"}
			}
		},
		{
			"from": [4, -0.5, 12],
			"to": [5, 1.05, 13],
			"rotation": {"angle": 0, "axis": "y", "origin": [12, 9, 20]},
			"faces": {
				"north": {"uv": [0, 0, 1, 1], "texture": "#1"},
				"east": {"uv": [0, 0, 1, 1], "texture": "#1"},
				"south": {"uv": [0, 0, 1, 1], "texture": "#1"},
				"west": {"uv": [0, 0, 1, 1], "texture": "#1"},
				"up": {"uv": [0, 0, 1, 1], "texture": "#1"},
				"down": {"uv": [0, 0, 1, 1], "texture": "#1"}
			}
		},
		{
			"from": [3, -0.5, 11],
			"to": [4, 0.35, 12],
			"rotation": {"angle": 0, "axis": "y", "origin": [11, 9, 19]},
			"faces": {
				"north": {"uv": [0, 0, 1, 1], "texture": "#1"},
				"east": {"uv": [0, 0, 1, 1], "texture": "#1"},
				"south": {"uv": [0, 0, 1, 1], "texture": "#1"},
				"west": {"uv": [0, 0, 1, 1], "texture": "#1"},
				"up": {"uv": [0, 0, 1, 1], "texture": "#1"},
				"down": {"uv": [0, 0, 1, 1], "texture": "#1"}
			}
		},
		{
			"from": [4, -1.25, 10],
			"to": [5, -1.05, 11],
			"rotation": {"angle": 0, "axis": "y", "origin": [12, 8, 18]},
			"faces": {
				"up": {"uv": [2, 15, 3, 16], "texture": "#2"}
			}
		}
	],
	"groups": [
		{
			"name": "lilypad",
			"origin": [9, 11, 19],
			"children": [0, 1, 2, 3, 4, 5, 6, 7, 8, 9, 10, 11, 12, 13, 14, 15, 16, 17, 18, 19, 20]
		},
		{
			"name": "flower",
			"origin": [11, 9, 19],
			"children": [21, 22, 23, 24, 25, 26, 27, 28, 29, 30, 31, 32, 33]
		}
	]
}