{
	"credit": "Made by Nico4play using Blockbench",
	"ambientocclusion": false,
	"textures": {
		"particle": "block/vine",
		"1": "block/vine_0",
		"2": "block/vine_1",
		"3": "block/vine_2"
	},
	"elements": [
		{
			"from": [0, 1, 15],
			"to": [16, 17, 15],
			"shade": false,
			"faces": {
				"north": {"uv": [0, 0, 16, 16], "texture": "#1", "tintindex": 0},
				"south": {"uv": [0, 0, 16, 16], "texture": "#1", "tintindex": 0}
			}
		},
		{
			"from": [0, -3, 14.5],
			"to": [16, 2, 15.5],
			"shade": false,
			"faces": {
				"north": {"uv": [0, 10, 16, 15], "texture": "#2", "tintindex": 0},
				"south": {"uv": [0, 10, 16, 15], "texture": "#2", "tintindex": 0}
			}
		},
		{
			"from": [0, 8, 15],
			"to": [16, 16, 15],
			"shade": false,
			"rotation": {"angle": 22.5, "axis": "x", "origin": [8, 13, 15]},
			"faces": {
				"north": {"uv": [0, 0, 16, 8], "texture": "#2", "tintindex": 0},
				"south": {"uv": [0, 0, 16, 8], "texture": "#2", "tintindex": 0}
			}
		},
		{
			"from": [0, 8, 15],
			"to": [16, 16, 15],
			"shade": false,
			"rotation": {"angle": -22.5, "axis": "x", "origin": [8, 13, 15]},
			"faces": {
				"north": {"uv": [0, 0, 16, 8], "texture": "#2", "tintindex": 0},
				"south": {"uv": [0, 0, 16, 8], "texture": "#2", "tintindex": 0}
			}
		},
		{
			"from": [0, 0, 15],
			"to": [16, 9, 15],
			"shade": false,
			"rotation": {"angle": 22.5, "axis": "x", "origin": [8, 5, 15]},
			"faces": {
				"north": {"uv": [0, 0, 16, 9], "texture": "#3", "tintindex": 0},
				"south": {"uv": [0, 0, 16, 9], "texture": "#3", "tintindex": 0}
			}
		},
		{
			"from": [0, 0, 15],
			"to": [16, 9, 15],
			"shade": false,
			"rotation": {"angle": -22.5, "axis": "x", "origin": [8, 5, 15]},
			"faces": {
				"north": {"uv": [0, 0, 16, 9], "texture": "#3", "tintindex": 0},
				"south": {"uv": [0, 0, 16, 9], "texture": "#3", "tintindex": 0}
			}
		}
	]
}