{
	"credit": "Made by Nico4play using Blockbench",
	"ambientocclusion": false,
	"textures": {
		"particle": "block/vine",
		"1": "block/vine_0",
		"2": "block/vine_1",
		"3": "block/vine_2"
	},
	"elements": [
		{
			"from": [15, 1, 0],
			"to": [15, 17, 16],
			"shade": false,
			"faces": {
				"east": {"uv": [0, 0, 16, 16], "texture": "#1", "tintindex": 0},
				"west": {"uv": [0, 0, 16, 16], "texture": "#1", "tintindex": 0}
			}
		},
		{
			"from": [14.5, -3, 0],
			"to": [15.5, 2, 16],
			"shade": false,
			"faces": {
				"east": {"uv": [0, 10, 16, 15], "texture": "#2", "tintindex": 0},
				"west": {"uv": [0, 10, 16, 15], "texture": "#2", "tintindex": 0}
			}
		},
		{
			"from": [15, 8, 0],
			"to": [15, 16, 16],
			"shade": false,
			"rotation": {"angle": 22.5, "axis": "z", "origin": [15, 13, 8]},
			"faces": {
				"east": {"uv": [0, 0, 16, 8], "texture": "#2", "tintindex": 0},
				"west": {"uv": [0, 0, 16, 8], "texture": "#2", "tintindex": 0}
			}
		},
		{
			"from": [15, 8, 0],
			"to": [15, 16, 16],
			"shade": false,
			"rotation": {"angle": -22.5, "axis": "z", "origin": [15, 13, 8]},
			"faces": {
				"east": {"uv": [0, 0, 16, 8], "texture": "#2", "tintindex": 0},
				"west": {"uv": [0, 0, 16, 8], "texture": "#2", "tintindex": 0}
			}
		},
		{
			"from": [15, 0, 0],
			"to": [15, 9, 16],
			"shade": false,
			"rotation": {"angle": 22.5, "axis": "z", "origin": [15, 5, 8]},
			"faces": {
				"east": {"uv": [0, 0, 16, 9], "texture": "#3", "tintindex": 0},
				"west": {"uv": [0, 0, 16, 9], "texture": "#3", "tintindex": 0}
			}
		},
		{
			"from": [15, 0, 0],
			"to": [15, 9, 16],
			"shade": false,
			"rotation": {"angle": -22.5, "axis": "z", "origin": [15, 5, 8]},
			"faces": {
				"east": {"uv": [0, 0, 16, 9], "texture": "#3", "tintindex": 0},
				"west": {"uv": [0, 0, 16, 9], "texture": "#3", "tintindex": 0}
			}
		},
		{
			"from": [1, 1, 0],
			"to": [1, 17, 16],
			"shade": false,
			"faces": {
				"east": {"uv": [0, 0, 16, 16], "texture": "#1", "tintindex": 0},
				"west": {"uv": [0, 0, 16, 16], "texture": "#1", "tintindex": 0}
			}
		},
		{
			"from": [0.5, -3, 0],
			"to": [1.5, 2, 16],
			"shade": false,
			"faces": {
				"east": {"uv": [0, 10, 16, 15], "texture": "#2", "tintindex": 0},
				"west": {"uv": [0, 10, 16, 15], "texture": "#2", "tintindex": 0}
			}
		},
		{
			"from": [1, 8, 0],
			"to": [1, 16, 16],
			"shade": false,
			"rotation": {"angle": 22.5, "axis": "z", "origin": [1, 13, 8]},
			"faces": {
				"east": {"uv": [0, 0, 16, 8], "texture": "#2", "tintindex": 0},
				"west": {"uv": [0, 0, 16, 8], "texture": "#2", "tintindex": 0}
			}
		},
		{
			"from": [1, 8, 0],
			"to": [1, 16, 16],
			"shade": false,
			"rotation": {"angle": -22.5, "axis": "z", "origin": [1, 13, 8]},
			"faces": {
				"east": {"uv": [0, 0, 16, 8], "texture": "#2", "tintindex": 0},
				"west": {"uv": [0, 0, 16, 8], "texture": "#2", "tintindex": 0}
			}
		},
		{
			"from": [1, 0, 0],
			"to": [1, 9, 16],
			"shade": false,
			"rotation": {"angle": 22.5, "axis": "z", "origin": [1, 5, 8]},
			"faces": {
				"east": {"uv": [0, 0, 16, 9], "texture": "#3", "tintindex": 0},
				"west": {"uv": [0, 0, 16, 9], "texture": "#3", "tintindex": 0}
			}
		},
		{
			"from": [1, 0, 0],
			"to": [1, 9, 16],
			"shade": false,
			"rotation": {"angle": -22.5, "axis": "z", "origin": [1, 5, 8]},
			"faces": {
				"east": {"uv": [0, 0, 16, 9], "texture": "#3", "tintindex": 0},
				"west": {"uv": [0, 0, 16, 9], "texture": "#3", "tintindex": 0}
			}
		}
	],
	"groups": [
		{
			"name": "group",
			"children": [0, 1, 2, 3, 4, 5]
		},
		{
			"name": "group",
			"children": [6, 7, 8, 9, 10, 11]
		}
	]
}