{
	"credit": "Made by Nico4play using Blockbench",
	"ambientocclusion": false,
	"textures": {
		"particle": "block/vine",
		"1": "block/vine_0",
		"2": "block/vine_1",
		"3": "block/vine_2"
	},
	"elements": [
		{
			"from": [0, 15, 1],
			"to": [16, 15, 17],
			"shade": false,
			"faces": {
				"up": {"uv": [0, 0, 16, 16], "rotation": 180, "texture": "#1", "tintindex": 0},
				"down": {"uv": [0, 0, 16, 16], "texture": "#1", "tintindex": 0}
			}
		},
		{
			"from": [0, 14.5, -3],
			"to": [16, 15.5, 2],
			"shade": false,
			"faces": {
				"up": {"uv": [0, 10, 16, 15], "rotation": 180, "texture": "#2", "tintindex": 0},
				"down": {"uv": [0, 10, 16, 15], "texture": "#2", "tintindex": 0}
			}
		},
		{
			"from": [0, 15, 8],
			"to": [16, 15, 16],
			"shade": false,
			"rotation": {"angle": 22.5, "axis": "x", "origin": [8, 15, 13]},
			"faces": {
				"up": {"uv": [0, 0, 16, 8], "rotation": 180, "texture": "#2", "tintindex": 0},
				"down": {"uv": [0, 0, 16, 8], "texture": "#2", "tintindex": 0}
			}
		},
		{
			"from": [0, 15, 8],
			"to": [16, 15, 16],
			"shade": false,
			"rotation": {"angle": -22.5, "axis": "x", "origin": [8, 15, 13]},
			"faces": {
				"up": {"uv": [0, 0, 16, 8], "rotation": 180, "texture": "#2", "tintindex": 0},
				"down": {"uv": [0, 0, 16, 8], "texture": "#2", "tintindex": 0}
			}
		},
		{
			"from": [0, 15, 0],
			"to": [16, 15, 9],
			"shade": false,
			"rotation": {"angle": 22.5, "axis": "x", "origin": [8, 15, 5]},
			"faces": {
				"up": {"uv": [0, 0, 16, 9], "rotation": 180, "texture": "#3", "tintindex": 0},
				"down": {"uv": [0, 0, 16, 9], "texture": "#3", "tintindex": 0}
			}
		},
		{
			"from": [0, 15, 0],
			"to": [16, 15, 9],
			"shade": false,
			"rotation": {"angle": -22.5, "axis": "x", "origin": [8, 15, 5]},
			"faces": {
				"up": {"uv": [0, 0, 16, 9], "rotation": 180, "texture": "#3", "tintindex": 0},
				"down": {"uv": [0, 0, 16, 9], "texture": "#3", "tintindex": 0}
			}
		}
	],
	"groups": [
		{
			"name": "group",
			"children": [0, 1, 2, 3, 4, 5]
		}
	]
}