{
	"credit": "Made by Nico4play using Blockbench",
	"ambientocclusion": false,
	"textures": {
		"particle": "block/vine",
		"1": "block/vine_0",
		"2": "block/vine_1",
		"3": "block/vine_2"
	},
	"elements": [
		{
			"from": [0, 1, 1],
			"to": [16, 17, 1],
			"shade": false,
			"faces": {
				"north": {"uv": [0, 0, 16, 16], "texture": "#1", "tintindex": 0},
				"south": {"uv": [0, 0, 16, 16], "texture": "#1", "tintindex": 0}
			}
		},
		{
			"from": [0, -3, 0.5],
			"to": [16, 2, 1.5],
			"shade": false,
			"faces": {
				"north": {"uv": [0, 10, 16, 15], "texture": "#2", "tintindex": 0},
				"south": {"uv": [0, 10, 16, 15], "texture": "#2", "tintindex": 0}
			}
		},
		{
			"from": [0, 8, 1],
			"to": [16, 16, 1],
			"shade": false,
			"rotation": {"angle": 22.5, "axis": "x", "origin": [8, 13, 1]},
			"faces": {
				"north": {"uv": [0, 0, 16, 8], "texture": "#2", "tintindex": 0},
				"south": {"uv": [0, 0, 16, 8], "texture": "#2", "tintindex": 0}
			}
		},
		{
			"from": [0, 8, 1],
			"to": [16, 16, 1],
			"shade": false,
			"rotation": {"angle": -22.5, "axis": "x", "origin": [8, 13, 1]},
			"faces": {
				"north": {"uv": [0, 0, 16, 8], "texture": "#2", "tintindex": 0},
				"south": {"uv": [0, 0, 16, 8], "texture": "#2", "tintindex": 0}
			}
		},
		{
			"from": [0, 0, 1],
			"to": [16, 9, 1],
			"shade": false,
			"rotation": {"angle": 22.5, "axis": "x", "origin": [8, 5, 1]},
			"faces": {
				"north": {"uv": [0, 0, 16, 9], "texture": "#3", "tintindex": 0},
				"south": {"uv": [0, 0, 16, 9], "texture": "#3", "tintindex": 0}
			}
		},
		{
			"from": [0, 0, 1],
			"to": [16, 9, 1],
			"shade": false,
			"rotation": {"angle": -22.5, "axis": "x", "origin": [8, 5, 1]},
			"faces": {
				"north": {"uv": [0, 0, 16, 9], "texture": "#3", "tintindex": 0},
				"south": {"uv": [0, 0, 16, 9], "texture": "#3", "tintindex": 0}
			}
		},
		{
			"from": [15, 1, 0],
			"to": [15, 17, 16],
			"shade": false,
			"faces": {
				"east": {"uv": [0, 0, 16, 16], "texture": "#1", "tintindex": 0},
				"west": {"uv": [0, 0, 16, 16], "texture": "#1", "tintindex": 0}
			}
		},
		{
			"from": [14.5, -3, 0],
			"to": [15.5, 2, 16],
			"shade": false,
			"faces": {
				"east": {"uv": [0, 10, 16, 15], "texture": "#2", "tintindex": 0},
				"west": {"uv": [0, 10, 16, 15], "texture": "#2", "tintindex": 0}
			}
		},
		{
			"from": [15, 8, 0],
			"to": [15, 16, 16],
			"shade": false,
			"rotation": {"angle": 22.5, "axis": "z", "origin": [15, 13, 8]},
			"faces": {
				"east": {"uv": [0, 0, 16, 8], "texture": "#2", "tintindex": 0},
				"west": {"uv": [0, 0, 16, 8], "texture": "#2", "tintindex": 0}
			}
		},
		{
			"from": [15, 8, 0],
			"to": [15, 16, 16],
			"shade": false,
			"rotation": {"angle": -22.5, "axis": "z", "origin": [15, 13, 8]},
			"faces": {
				"east": {"uv": [0, 0, 16, 8], "texture": "#2", "tintindex": 0},
				"west": {"uv": [0, 0, 16, 8], "texture": "#2", "tintindex": 0}
			}
		},
		{
			"from": [15, 0, 0],
			"to": [15, 9, 16],
			"shade": false,
			"rotation": {"angle": 22.5, "axis": "z", "origin": [15, 5, 8]},
			"faces": {
				"east": {"uv": [0, 0, 16, 9], "texture": "#3", "tintindex": 0},
				"west": {"uv": [0, 0, 16, 9], "texture": "#3", "tintindex": 0}
			}
		},
		{
			"from": [15, 0, 0],
			"to": [15, 9, 16],
			"shade": false,
			"rotation": {"angle": -22.5, "axis": "z", "origin": [15, 5, 8]},
			"faces": {
				"east": {"uv": [0, 0, 16, 9], "texture": "#3", "tintindex": 0},
				"west": {"uv": [0, 0, 16, 9], "texture": "#3", "tintindex": 0}
			}
		},
		{
			"from": [0, 15, -1],
			"to": [16, 15, 15],
			"shade": false,
			"faces": {
				"up": {"uv": [0, 0, 16, 16], "texture": "#1", "tintindex": 0},
				"down": {"uv": [0, 0, 16, 16], "rotation": 180, "texture": "#1", "tintindex": 0}
			}
		},
		{
			"from": [0, 14.5, 14],
			"to": [16, 15.5, 19],
			"shade": false,
			"faces": {
				"up": {"uv": [0, 10, 16, 15], "texture": "#2", "tintindex": 0},
				"down": {"uv": [0, 10, 16, 15], "rotation": 180, "texture": "#2", "tintindex": 0}
			}
		},
		{
			"from": [0, 15, 0],
			"to": [16, 15, 8],
			"shade": false,
			"rotation": {"angle": -22.5, "axis": "x", "origin": [8, 15, 3]},
			"faces": {
				"up": {"uv": [0, 0, 16, 8], "texture": "#2", "tintindex": 0},
				"down": {"uv": [0, 0, 16, 8], "rotation": 180, "texture": "#2", "tintindex": 0}
			}
		},
		{
			"from": [0, 15, 0],
			"to": [16, 15, 8],
			"shade": false,
			"rotation": {"angle": 22.5, "axis": "x", "origin": [8, 15, 3]},
			"faces": {
				"up": {"uv": [0, 0, 16, 8], "texture": "#2", "tintindex": 0},
				"down": {"uv": [0, 0, 16, 8], "rotation": 180, "texture": "#2", "tintindex": 0}
			}
		},
		{
			"from": [0, 15, 7],
			"to": [16, 15, 16],
			"shade": false,
			"rotation": {"angle": -22.5, "axis": "x", "origin": [8, 15, 11]},
			"faces": {
				"up": {"uv": [0, 0, 16, 9], "texture": "#3", "tintindex": 0},
				"down": {"uv": [0, 0, 16, 9], "rotation": 180, "texture": "#3", "tintindex": 0}
			}
		},
		{
			"from": [0, 15, 7],
			"to": [16, 15, 16],
			"shade": false,
			"rotation": {"angle": 22.5, "axis": "x", "origin": [8, 15, 11]},
			"faces": {
				"up": {"uv": [0, 0, 16, 9], "texture": "#3", "tintindex": 0},
				"down": {"uv": [0, 0, 16, 9], "rotation": 180, "texture": "#3", "tintindex": 0}
			}
		},
		{
			"from": [0, 1, 15],
			"to": [16, 17, 15],
			"shade": false,
			"faces": {
				"north": {"uv": [0, 0, 16, 16], "texture": "#1", "tintindex": 0},
				"south": {"uv": [0, 0, 16, 16], "texture": "#1", "tintindex": 0}
			}
		},
		{
			"from": [0, -3, 14.5],
			"to": [16, 2, 15.5],
			"shade": false,
			"faces": {
				"north": {"uv": [0, 10, 16, 15], "texture": "#2", "tintindex": 0},
				"south": {"uv": [0, 10, 16, 15], "texture": "#2", "tintindex": 0}
			}
		},
		{
			"from": [0, 8, 15],
			"to": [16, 16, 15],
			"shade": false,
			"rotation": {"angle": 22.5, "axis": "x", "origin": [8, 13, 15]},
			"faces": {
				"north": {"uv": [0, 0, 16, 8], "texture": "#2", "tintindex": 0},
				"south": {"uv": [0, 0, 16, 8], "texture": "#2", "tintindex": 0}
			}
		},
		{
			"from": [0, 8, 15],
			"to": [16, 16, 15],
			"shade": false,
			"rotation": {"angle": -22.5, "axis": "x", "origin": [8, 13, 15]},
			"faces": {
				"north": {"uv": [0, 0, 16, 8], "texture": "#2", "tintindex": 0},
				"south": {"uv": [0, 0, 16, 8], "texture": "#2", "tintindex": 0}
			}
		},
		{
			"from": [0, 0, 15],
			"to": [16, 9, 15],
			"shade": false,
			"rotation": {"angle": 22.5, "axis": "x", "origin": [8, 5, 15]},
			"faces": {
				"north": {"uv": [0, 0, 16, 9], "texture": "#3", "tintindex": 0},
				"south": {"uv": [0, 0, 16, 9], "texture": "#3", "tintindex": 0}
			}
		},
		{
			"from": [0, 0, 15],
			"to": [16, 9, 15],
			"shade": false,
			"rotation": {"angle": -22.5, "axis": "x", "origin": [8, 5, 15]},
			"faces": {
				"north": {"uv": [0, 0, 16, 9], "texture": "#3", "tintindex": 0},
				"south": {"uv": [0, 0, 16, 9], "texture": "#3", "tintindex": 0}
			}
		}
	],
	"groups": [
		{
			"name": "group",
			"children": [0, 1, 2, 3, 4, 5]
		},
		{
			"name": "group",
			"children": [6, 7, 8, 9, 10, 11]
		},
		{
			"name": "group",
			"children": [12, 13, 14, 15, 16, 17]
		},
		{
			"name": "group",
			"children": [18, 19, 20, 21, 22, 23]
		}
	]
}