{
  "replace": false,
  "values": [
   {
      "id": "armoroftheages:quetzalcoatl_armor_feet",
      "add": true
    },
    {
      "id": "alexscaves:hazmat_boots",
      "add": true
    },
    {
      "id": "armoroftheages:o_yoroi_armor_feet",
      "add": true
    },
    {
      "id": "warriorsofpastepoch:plague_doctor_armor_boots",
      "add": true
    },
    {
      "id": "tfmg:steel_boots",
      "add": true
    },
    {
      "id": "create_ironworks:copper_armor_boots",
      "add": true
    },
    {
      "id": "forestry:apiarist_boots",
      "add": true
    },
    {
      "id": "minecraft:golden_boots",
      "add": true
    },
    {
      "id": "create_sa:copper_boots",
      "add": true
    },
    {
      "id": "create_sa:brass_boots",
      "add": true
    },
    {
      "id": "minecolonies:plate_armor_boots",
      "add": true
    },
    {
      "id": "alexsmobs:flying_fish_boots",
      "add": true
    },
    {
      "id": "warriorsofpastepoch:muketers_armor_boots",
      "add": true
    },
    {
      "id": "complicated_bees:apiarist_boots",
      "add": true
    },
    {
      "id": "create_ironworks:sturdy_armor_boots",
      "add": true
    },
    {
      "id": "create:copper_diving_boots",
      "add": true
    },
    {
      "id": "armoroftheages:japanese_light_armor_feet",
      "add": true
    },
    {
      "id": "create_ironworks:bronze_armor_boots",
      "add": true
    },
    {
      "id": "create:cardboard_boots",
      "add": true
    },
    {
      "id": "vs_clockwork:aeronaut_boots",
      "add": true
    },
    {
      "id": "create_ironworks:rose_quartz_armor_boots",
      "add": true
    },
    {
      "id": "minecraft:diamond_boots",
      "add": true
    },
    {
      "id": "majruszsdifficulty:enderium_boots",
      "add": true
    },
    {
      "id": "armoroftheages:anubis_armor_feet",
      "add": true
    },
    {
      "id": "minecolonies:pirate_boots",
      "add": true
    },
    {
      "id": "armoroftheages:exalted_aurum_armor_feet",
      "add": true
    },
    {
      "id": "armoroftheages:raijin_armor_feet",
      "add": true
    },
    {
      "id": "armoroftheages:holy_armor_feet",
      "add": true
    },
    {
      "id": "create_sa:slime_boots",
      "add": true
    },
    {
      "id": "minecolonies:pirate_shoes",
      "add": true
    },
    {
      "id": "minecraft:leather_boots",
      "add": true
    },
    {
      "id": "born_in_chaos_v1:dark_metal_armor_boots",
      "add": true
    },
    {
      "id": "born_in_chaos_v1:nightmare_mantleofthe_night_boots",
      "add": true
    },
    {
      "id": "create_ironworks:brass_armor_boots",
      "add": true
    },
    {
      "id": "alexsmobs:roadrunner_boots",
      "add": true
    },
    {
      "id": "create_sa:zinc_boots",
      "add": true
    },
    {
      "id": "armoroftheages:iron_plate_armor_feet",
      "add": true
    },
    {
      "id": "alexscaves:diving_boots",
      "add": true
    },
    {
      "id": "minecraft:netherite_boots",
      "add": true
    },
    {
      "id": "minecraft:iron_boots",
      "add": true
    },
    {
      "id": "armoroftheages:pharaoh_armor_feet",
      "add": true
    },
    {
      "id": "majruszsdifficulty:tattered_boots",
      "add": true
    },
    {
      "id": "alexscaves:gingerbread_boots",
      "add": true
    },
    {
      "id": "create_ironworks:steel_armor_boots",
      "add": true
    },
    {
      "id": "alexscaves:rainbounce_boots",
      "add": true
    },
    {
      "id": "armoroftheages:centurion_armor_feet",
      "add": true
    },
    {
      "id": "minecraft:chainmail_boots",
      "add": true
    },
    {
      "id": "create:netherite_diving_boots",
      "add": true
    }
  ]
}
