{
  "replace": false,
  "values": [
{
      "id": "forestry:apiarist_legs",
      "add": true
    },
    {
      "id": "alexscaves:gingerbread_leggings",
      "add": true
    },
    {
      "id": "minecraft:iron_leggings",
      "add": true
    },
    {
      "id": "minecraft:leather_leggings",
      "add": true
    },
    {
      "id": "create_ironworks:brass_armor_leggings",
      "add": true
    },
    {
      "id": "armoroftheages:iron_plate_armor_legs",
      "add": true
    },
    {
      "id": "create:cardboard_leggings",
      "add": true
    },
    {
      "id": "armoroftheages:pharaoh_armor_legs",
      "add": true
    },
    {
      "id": "majruszsdifficulty:tattered_leggings",
      "add": true
    },
    {
      "id": "create_sa:copper_leggings",
      "add": true
    },
    {
      "id": "armoroftheages:anubis_armor_legs",
      "add": true
    },
    {
      "id": "create_ironworks:bronze_armor_leggings",
      "add": true
    },
    {
      "id": "armoroftheages:japanese_light_armor_legs",
      "add": true
    },
    {
      "id": "create_ironworks:rose_quartz_armor_leggings",
      "add": true
    },
    {
      "id": "alexscaves:primordial_pants",
      "add": true
    },
    {
      "id": "majruszsdifficulty:enderium_leggings",
      "add": true
    },
    {
      "id": "minecraft:chainmail_leggings",
      "add": true
    },
    {
      "id": "minecolonies:pirate_leggins",
      "add": true
    },
    {
      "id": "armoroftheages:o_yoroi_armor_legs",
      "add": true
    },
    {
      "id": "minecraft:golden_leggings",
      "add": true
    },
    {
      "id": "alexscaves:diving_leggings",
      "add": true
    },
    {
      "id": "armoroftheages:centurion_armor_legs",
      "add": true
    },
    {
      "id": "create_sa:brass_leggings",
      "add": true
    },
    {
      "id": "vs_clockwork:aeronaut_jumpers",
      "add": true
    },
    {
      "id": "alexsmobs:centipede_leggings",
      "add": true
    },
    {
      "id": "complicated_bees:apiarist_leggings",
      "add": true
    },
    {
      "id": "warriorsofpastepoch:plague_doctor_armor_leggings",
      "add": true
    },
    {
      "id": "minecolonies:pirate_legs",
      "add": true
    },
    {
      "id": "warriorsofpastepoch:muketers_armor_leggings",
      "add": true
    },
    {
      "id": "armoroftheages:holy_armor_legs",
      "add": true
    },
    {
      "id": "create_ironworks:sturdy_armor_leggings",
      "add": true
    },
    {
      "id": "create_ironworks:steel_armor_leggings",
      "add": true
    },
    {
      "id": "create_sa:zinc_leggings",
      "add": true
    },
    {
      "id": "armoroftheages:exalted_aurum_armor_legs",
      "add": true
    },
    {
      "id": "minecraft:netherite_leggings",
      "add": true
    },
    {
      "id": "born_in_chaos_v1:dark_metal_armor_leggings",
      "add": true
    },
    {
      "id": "born_in_chaos_v1:nightmare_mantleofthe_night_leggings",
      "add": true
    },
    {
      "id": "minecraft:diamond_leggings",
      "add": true
    },
    {
      "id": "armoroftheages:raijin_armor_legs",
      "add": true
    },
    {
      "id": "create_ironworks:copper_armor_leggings",
      "add": true
    },
    {
      "id": "armoroftheages:quetzalcoatl_armor_legs",
      "add": true
    },
    {
      "id": "alexsmobs:emu_leggings",
      "add": true
    },
    {
      "id": "tfmg:steel_leggings",
      "add": true
    },
    {
      "id": "minecolonies:plate_armor_legs",
      "add": true
    },
    {
      "id": "alexscaves:hazmat_leggings",
      "add": true
    }
  ]
}
