{
  "replace": false,
  "values": [
    {
      "id": "minecraft:iron_chestplate",
      "add": true
    },
    {
      "id": "create_ironworks:sturdy_armor_chestplate",
      "add": true
    },
    {
      "id": "majruszsdifficulty:enderium_chestplate",
      "add": true
    },
    {
      "id": "create_ironworks:rose_quartz_armor_chestplate",
      "add": true
    },
    {
      "id": "armoroftheages:japanese_light_armor_chest",
      "add": true
    },
    {
      "id": "create_sa:brass_chestplate",
      "add": true
    },
    {
      "id": "create_ironworks:copper_armor_chestplate",
      "add": true
    },
    {
      "id": "create_ironworks:steel_armor_chestplate",
      "add": true
    },
    {
      "id": "minecraft:netherite_chestplate",
      "add": true
    },
    {
      "id": "create_ironworks:brass_armor_chestplate",
      "add": true
    },
    {
      "id": "armoroftheages:anubis_armor_chest",
      "add": true
    },
    {
      "id": "armoroftheages:iron_plate_armor_chest",
      "add": true
    },
    {
      "id": "create_ironworks:bronze_armor_chestplate",
      "add": true
    },
    {
      "id": "alexscaves:gingerbread_chestplate",
      "add": true
    },
    {
      "id": "alexsmobs:rocky_chestplate",
      "add": true
    },
    {
      "id": "alexscaves:diving_chestplate",
      "add": true
    },
    {
      "id": "born_in_chaos_v1:dark_metal_armor_chestplate",
      "add": true
    },
    {
      "id": "tfmg:steel_chestplate",
      "add": true
    },
    {
      "id": "minecraft:diamond_chestplate",
      "add": true
    },
    {
      "id": "complicated_bees:apiarist_chestplate",
      "add": true
    },
    {
      "id": "armoroftheages:raijin_armor_chest",
      "add": true
    },
    {
      "id": "minecolonies:plate_armor_chest",
      "add": true
    },
    {
      "id": "create_sa:copper_chestplate",
      "add": true
    },
    {
      "id": "armoroftheages:exalted_aurum_armor_chest",
      "add": true
    },
    {
      "id": "born_in_chaos_v1:spiny_shell_armor_chestplate",
      "add": true
    },
    {
      "id": "armoroftheages:o_yoroi_armor_chest",
      "add": true
    },
    {
      "id": "minecraft:golden_chestplate",
      "add": true
    },
    {
      "id": "create_sa:zinc_chestplate",
      "add": true
    },
    {
      "id": "armoroftheages:holy_armor_chest",
      "add": true
    },
    {
      "id": "create:cardboard_chestplate",
      "add": true
    },
    {
      "id": "alexscaves:hazmat_chestplate",
      "add": true
    },
    {
      "id": "minecraft:chainmail_chestplate",
      "add": true
    },
    {
      "id": "create:copper_backtank",
      "add": true
    },
    {
      "id": "alexsmobs:crocodile_chestplate",
      "add": true
    }
  ]
}