{
  "replace": false,
  "values": [
   {
      "id": "born_in_chaos_v1:spiny_shell_armor_helmet",
      "add": true
    },
    {
      "id": "create_ironworks:rose_quartz_armor_helmet",
      "add": true
    },
    {
      "id": "railways:purple_conductor_cap",
      "add": true
    },
    {
      "id": "complicated_bees:apiarist_helmet",
      "add": true
    },
    {
      "id": "minecraft:netherite_helmet",
      "add": true
    },
    {
      "id": "minecraft:chainmail_helmet",
      "add": true
    },
    {
      "id": "create_ironworks:bronze_armor_helmet",
      "add": true
    },
    {
      "id": "armoroftheages:japanese_light_armor_head",
      "add": true
    },
    {
      "id": "armoroftheages:pharaoh_armor_head",
      "add": true
    },
    {
      "id": "create:cardboard_helmet",
      "add": true
    },
    {
      "id": "armoroftheages:exalted_aurum_armor_head",
      "add": true
    },
    {
      "id": "warriorsofpastepoch:plague_doctor_armor_helmet",
      "add": true
    },
    {
      "id": "alexscaves:hood_of_darkness",
      "add": true
    },
    {
      "id": "railways:orange_conductor_cap",
      "add": true
    },
    {
      "id": "railways:light_gray_conductor_cap",
      "add": true
    },
    {
      "id": "armoroftheages:o_yoroi_armor_head",
      "add": true
    },
    {
      "id": "born_in_chaos_v1:dark_metal_armor_helmet",
      "add": true
    },
    {
      "id": "railways:white_conductor_cap",
      "add": true
    },
    {
      "id": "majruszsdifficulty:tattered_helmet",
      "add": true
    },
    {
      "id": "alexscaves:gingerbread_helmet",
      "add": true
    },
    {
      "id": "create:netherite_diving_helmet",
      "add": true
    },
    {
      "id": "railways:magenta_conductor_cap",
      "add": true
    },
    {
      "id": "railways:yellow_conductor_cap",
      "add": true
    },
    {
      "id": "create_sa:brass_helmet",
      "add": true
    },
    {
      "id": "railways:pink_conductor_cap",
      "add": true
    },
    {
      "id": "armoroftheages:centurion_armor_head",
      "add": true
    },
    {
      "id": "armoroftheages:holy_armor_head",
      "add": true
    },
    {
      "id": "create_sa:zinc_helmet",
      "add": true
    },
    {
      "id": "minecolonies:pirate_hat",
      "add": true
    },
    {
      "id": "majruszsdifficulty:enderium_helmet",
      "add": true
    },
    {
      "id": "born_in_chaos_v1:killer_rabbit_ears_helmet",
      "add": true
    },
    {
      "id": "minecraft:leather_helmet",
      "add": true
    },
    {
      "id": "minecraft:golden_helmet",
      "add": true
    },
    {
      "id": "railways:red_conductor_cap",
      "add": true
    },
    {
      "id": "create_ironworks:copper_armor_helmet",
      "add": true
    },
    {
      "id": "alexscaves:primordial_helmet",
      "add": true
    },
    {
      "id": "railways:brown_conductor_cap",
      "add": true
    },
    {
      "id": "born_in_chaos_v1:spiritual_guide_sombrero_helmet",
      "add": true
    },
    {
      "id": "railways:green_conductor_cap",
      "add": true
    },
    {
      "id": "create:copper_diving_helmet",
      "add": true
    },
    {
      "id": "gnumus:business_hat_helmet",
      "add": true
    },
    {
      "id": "gnumus:lucky_hat_helmet",
      "add": true
    },
    {
      "id": "create_ironworks:sturdy_armor_helmet",
      "add": true
    },
    {
      "id": "vs_clockwork:aeronaut_goggles",
      "add": true
    },
    {
      "id": "armoroftheages:iron_plate_armor_head",
      "add": true
    },
    {
      "id": "forestry:naturalist_helmet",
      "add": true
    },
    {
      "id": "railways:light_blue_conductor_cap",
      "add": true
    },
    {
      "id": "create_ironworks:steel_armor_helmet",
      "add": true
    },
    {
      "id": "armoroftheages:raijin_armor_head",
      "add": true
    },
    {
      "id": "quark:forgotten_hat",
      "add": true
    },
    {
      "id": "minecolonies:pirate_cap",
      "add": true
    },
    {
      "id": "create_ironworks:brass_armor_helmet",
      "add": true
    },
    {
      "id": "alexscaves:diving_helmet",
      "add": true
    },
    {
      "id": "born_in_chaos_v1:damned_demomans_hat_helmet",
      "add": true
    },
    {
      "id": "minecraft:iron_helmet",
      "add": true
    },
    {
      "id": "born_in_chaos_v1:nightmare_mantleofthe_night_helmet",
      "add": true
    },
    {
      "id": "productivebees:bee_nest_diamond_helmet",
      "add": true
    },
    {
      "id": "minecraft:turtle_helmet",
      "add": true
    },
    {
      "id": "create:goggles",
      "add": true
    },
    {
      "id": "gnumus:gnumus_helmet_helmet",
      "add": true
    },
    {
      "id": "railways:black_conductor_cap",
      "add": true
    },
    {
      "id": "railways:cyan_conductor_cap",
      "add": true
    },
    {
      "id": "minecraft:diamond_helmet",
      "add": true
    },
    {
      "id": "alexscaves:hazmat_mask",
      "add": true
    },
    {
      "id": "minecolonies:build_goggles",
      "add": true
    },
    {
      "id": "railways:blue_conductor_cap",
      "add": true
    },
    {
      "id": "minecolonies:plate_armor_helmet",
      "add": true
    },
    {
      "id": "create_sa:copper_helmet",
      "add": true
    },
    {
      "id": "createbigcannons:gas_mask",
      "add": true
    },
    {
      "id": "railways:gray_conductor_cap",
      "add": true
    },
    {
      "id": "born_in_chaos_v1:lord_pumpkinheads_hat_helmet",
      "add": true
    },
    {
      "id": "warriorsofpastepoch:muketers_armor_helmet",
      "add": true
    },
    {
      "id": "tfmg:steel_helmet",
      "add": true
    },
    {
      "id": "armoroftheages:quetzalcoatl_armor_head",
      "add": true
    },
    {
      "id": "alexsmobs:froststalker_helmet",
      "add": true
    },
    {
      "id": "born_in_chaos_v1:missionary_hat_helmet",
      "add": true
    },
    {
      "id": "railways:lime_conductor_cap",
      "add": true
    },
    {
      "id": "minecolonies:santa_hat",
      "add": true
    },
    {
      "id": "create_sa:slime_helmet",
      "add": true
    }
  ]
}
