{
	"parent": "block/block",
	"textures": {
		"particle": "block/chain",
		"chain": "block/chain"
	},
	"elements": [
		{
			"from": [7.5, 0, 6.5],
			"to": [8.5, 16, 9.5],
			"faces": {
				"west": {"uv": [6, 0, 3, 16], "texture": "#chain"},
				"east": {"uv": [3, 0, 6, 16], "texture": "#chain"},
				"up": {"uv": [6, 0, 3, 1], "texture": "#chain", "rotation": 90, "cullface": "up"},
				"down": {"uv": [3, 15, 6, 16], "texture": "#chain", "rotation": 90, "cullface": "down"}
		}},
		{
			"from": [7.5, 0, 6.5],
			"to": [8.5, 16, 7.5],
			"faces": {
				"north": {"uv": [5, 0, 6, 16], "texture": "#chain"},
				"south": {"uv": [5, 0, 6, 16], "texture": "#chain"}
		}},
		{
			"from": [7.5, 0, 8.5],
			"to": [8.5, 16, 9.5],
			"faces": {
				"north": {"uv": [3, 0, 4, 16], "texture": "#chain"},
				"south": {"uv": [3, 0, 4, 16], "texture": "#chain"}
		}},
		{
			"from": [7.5, 2, 6.5],
			"to": [8.5, 2, 9.5],
			"faces": {
				"up": {"uv": [6, 14, 3, 15], "texture": "#chain", "rotation": 90}
		}},
		{
			"from": [7.5, 3, 6.5],
			"to": [8.5, 3, 9.5],
			"faces": {
				"down": {"uv": [3, 12, 6, 13], "texture": "#chain", "rotation": 90}
		}},
		{
			"from": [7.5, 7, 6.5],
			"to": [8.5, 7, 9.5],
			"faces": {
				"up": {"uv": [6, 9, 3, 10], "texture": "#chain", "rotation": 90}
		}},
		{
			"from": [7.5, 9, 6.5],
			"to": [8.5, 9, 9.5],
			"faces": {
				"down": {"uv": [3, 6, 6, 7], "texture": "#chain", "rotation": 90}
		}},
		{
			"from": [7.5, 13, 6.5],
			"to": [8.5, 13, 9.5],
			"faces": {
				"up": {"uv": [6, 9, 3, 10], "texture": "#chain", "rotation": 90}
		}},
		{
			"from": [7.5, 14, 6.5],
			"to": [8.5, 14, 9.5],
			"faces": {
				"down": {"uv": [3, 6, 6, 7], "texture": "#chain", "rotation": 90}
		}},
		{
			"from": [6.5, 1, 7.5],
			"to": [9.5, 15, 8.5],
			"faces": {
				"north": {"uv": [3, 1, 0, 15], "texture": "#chain"},
				"south": {"uv": [0, 1, 3, 15], "texture": "#chain"},
				"up": {"uv": [0, 12, 3, 13], "texture": "#chain"},
				"down": {"uv": [0, 14, 3, 15], "texture": "#chain"}
		}},
		{
			"from": [6.5, 0, 7.5],
			"to": [7.5, 16, 8.5],
			"faces": {
				"west": {"uv": [0, 0, 1, 16], "texture": "#chain"},
				"east": {"uv": [0, 0, 1, 16], "texture": "#chain"}
		}},
		{
			"from": [8.5, 0, 7.5],
			"to": [9.5, 16, 8.5],
			"faces": {
				"west": {"uv": [2, 0, 3, 16], "texture": "#chain"},
				"east": {"uv": [2, 0, 3, 16], "texture": "#chain"}
		}},
		{
			"from": [6.5, 4, 7.5],
			"to": [9.5, 4, 8.5],
			"faces": {
				"up": {"uv": [0, 12, 3, 13], "texture": "#chain"}
		}},
		{
			"from": [6.5, 6, 7.5],
			"to": [9.5, 6, 8.5],
			"faces": {
				"down": {"uv": [0, 14, 3, 15], "texture": "#chain"}
		}},
		{
			"from": [6.5, 10, 7.5],
			"to": [9.5, 10, 8.5],
			"faces": {
				"up": {"uv": [0, 12, 3, 13], "texture": "#chain"}
		}},
		{
			"from": [6.5, 12, 7.5],
			"to": [9.5, 12, 8.5],
			"faces": {
				"down": {"uv": [0, 14, 3, 15], "texture": "#chain"}
		}}
	]
}