{
	"ambientocclusion": false,
	"texture_size": [64, 32],
	"elements": [
		{
			"from": [7, 0, 1],
			"to": [9, 10, 15],
			"rotation": {
				"origin": [8, 0, 8],
				"axis": "y",
				"angle": -22.5
			},
			"faces": {
				"north": {"uv": [4, 7, 4.5, 12], "texture": "#sign"},
				"south": {"uv": [0, 7, 0.5, 12], "texture": "#sign"},
				"west": {"uv": [0.5, 7, 4, 12], "texture": "#sign"},
				"east": {"uv": [4.5, 7, 8, 12], "texture": "#sign"},
				"up": {"uv": [4, 7, 0.5, 6], "texture": "#sign", "rotation": 270},
				"down": {"uv": [7.5, 6, 4, 7], "texture": "#sign", "rotation": 90, "cullface": "down"}
		}},
		{
			"from": [7.5, 15, 6],
			"to": [8.5, 16, 10],
			"rotation": {
				"origin": [8, 0, 8],
				"axis": "y",
				"angle": -22.5
			},
			"faces": {
				"north": {"uv": [5.25, 3, 5.5, 3.5], "texture": "#sign"},
				"south": {"uv": [4.5, 3, 4.75, 3.5], "texture": "#sign"},
				"west": {"uv": [4.5, 3, 5.5, 3.5], "texture": "#sign"},
				"east": {"uv": [5.5, 3, 4.5, 3.5], "texture": "#sign"},
				"up": {"uv": [5.5, 3, 4.5, 3.5], "texture": "#sign", "rotation": 270},
				"down": {"uv": [5.5, 3, 4.5, 3.5], "texture": "#sign", "rotation": 90}
		}},
		{
			"from": [7.5, 14, 7],
			"to": [8.5, 15, 9],
			"rotation": {
				"origin": [8, 0, 8],
				"axis": "y",
				"angle": -22.5
			},
			"faces": {
				"north": {"uv": [5, 3.5, 5.25, 4], "texture": "#sign"},
				"south": {"uv": [4.75, 3.5, 5, 4], "texture": "#sign"},
				"west": {"uv": [4.75, 3.5, 5.25, 4], "texture": "#sign"},
				"east": {"uv": [5.25, 3.5, 4.75, 4], "texture": "#sign"},
				"down": {"uv": [5.25, 3.5, 4.75, 4], "texture": "#sign", "rotation": 90}
		}},
		{
			"from": [7.5, 10, 2],
			"to": [8.5, 12, 3],
			"rotation": {
				"origin": [8, 0, 8],
				"axis": "y",
				"angle": -22.5
			},
			"faces": {
				"north": {"uv": [6.25, 5, 6.5, 6], "texture": "#sign"},
				"south": {"uv": [6.25, 5, 6.5, 6], "texture": "#sign"},
				"west": {"uv": [6.25, 5, 6.5, 6], "texture": "#sign"},
				"east": {"uv": [6.5, 5, 6.25, 6], "texture": "#sign"},
				"up": {"uv": [6.5, 5, 6.25, 5.5], "texture": "#sign", "rotation": 270}
		}},
		{
			"from": [7.5, 11, 3],
			"to": [8.5, 13, 4],
			"rotation": {
				"origin": [8, 0, 8],
				"axis": "y",
				"angle": -22.5
			},
			"faces": {
				"north": {"uv": [6, 4.5, 6.25, 5.5], "texture": "#sign"},
				"south": {"uv": [6, 4.5, 6.25, 5.5], "texture": "#sign"},
				"west": {"uv": [6, 4.5, 6.25, 5.5], "texture": "#sign"},
				"east": {"uv": [6.25, 4.5, 6, 5.5], "texture": "#sign"},
				"up": {"uv": [6.25, 4.5, 6, 5], "texture": "#sign", "rotation": 270},
				"down": {"uv": [6.25, 5, 6, 5.5], "texture": "#sign", "rotation": 90}
		}},
		{
			"from": [7.5, 10, 4],
			"to": [8.5, 12, 5],
			"rotation": {
				"origin": [8, 0, 8],
				"axis": "y",
				"angle": -22.5
			},
			"faces": {
				"north": {"uv": [5.75, 5, 6, 6], "texture": "#sign"},
				"south": {"uv": [5.75, 5, 6, 6], "texture": "#sign"},
				"west": {"uv": [5.75, 5, 6, 6], "texture": "#sign"},
				"east": {"uv": [6, 5, 5.75, 6], "texture": "#sign"},
				"up": {"uv": [6, 5, 5.75, 5.5], "texture": "#sign", "rotation": 270}
		}},
		{
			"from": [7.5, 13, 4],
			"to": [8.5, 14, 5],
			"rotation": {
				"origin": [8, 0, 8],
				"axis": "y",
				"angle": -22.5
			},
			"faces": {
				"north": {"uv": [5.75, 4, 6, 4.5], "texture": "#sign"},
				"west": {"uv": [5.75, 4, 6, 4.5], "texture": "#sign"},
				"east": {"uv": [6, 4, 5.75, 4.5], "texture": "#sign"},
				"up": {"uv": [6, 4, 5.75, 4.5], "texture": "#sign", "rotation": 270},
				"down": {"uv": [6, 4, 5.75, 4.5], "texture": "#sign", "rotation": 90}
		}},
		{
			"from": [7.5, 12, 5],
			"to": [8.5, 15, 6],
			"rotation": {
				"origin": [8, 0, 8],
				"axis": "y",
				"angle": -22.5
			},
			"faces": {
				"north": {"uv": [5.5, 3.5, 5.75, 5], "texture": "#sign"},
				"south": {"uv": [5.5, 3.5, 5.75, 5], "texture": "#sign"},
				"west": {"uv": [5.5, 3.5, 5.75, 5], "texture": "#sign"},
				"east": {"uv": [5.75, 3.5, 5.5, 5], "texture": "#sign"},
				"up": {"uv": [5.75, 3.5, 5.5, 4], "texture": "#sign", "rotation": 270},
				"down": {"uv": [5.75, 4.5, 5.5, 5], "texture": "#sign", "rotation": 90}
		}},
		{
			"from": [7.5, 13, 6],
			"to": [8.5, 14, 7],
			"rotation": {
				"origin": [8, 0, 8],
				"axis": "y",
				"angle": -22.5
			},
			"faces": {
				"south": {"uv": [5.25, 4, 5.5, 4.5], "texture": "#sign"},
				"west": {"uv": [5.25, 4, 5.5, 4.5], "texture": "#sign"},
				"east": {"uv": [5.5, 4, 5.25, 4.5], "texture": "#sign"},
				"up": {"uv": [5.5, 4, 5.25, 4.5], "texture": "#sign", "rotation": 270},
				"down": {"uv": [5.5, 4, 5.25, 4.5], "texture": "#sign", "rotation": 90}
		}},
		{
			"from": [7.5, 13, 9],
			"to": [8.5, 14, 10],
			"rotation": {
				"origin": [8, 0, 8],
				"axis": "y",
				"angle": -22.5
			},
			"faces": {
				"north": {"uv": [4.5, 4, 4.75, 4.5], "texture": "#sign"},
				"west": {"uv": [4.5, 4, 4.75, 4.5], "texture": "#sign"},
				"east": {"uv": [4.75, 4, 4.5, 4.5], "texture": "#sign"},
				"up": {"uv": [4.75, 4, 4.5, 4.5], "texture": "#sign", "rotation": 270},
				"down": {"uv": [4.75, 4, 4.5, 4.5], "texture": "#sign", "rotation": 90}
		}},
		{
			"from": [7.5, 12, 10],
			"to": [8.5, 15, 11],
			"rotation": {
				"origin": [8, 0, 8],
				"axis": "y",
				"angle": -22.5
			},
			"faces": {
				"north": {"uv": [4.25, 3.5, 4.5, 5], "texture": "#sign"},
				"south": {"uv": [4.25, 3.5, 4.5, 5], "texture": "#sign"},
				"west": {"uv": [4.25, 3.5, 4.5, 5], "texture": "#sign"},
				"east": {"uv": [4.5, 3.5, 4.25, 5], "texture": "#sign"},
				"up": {"uv": [4.5, 3.5, 4.25, 4], "texture": "#sign", "rotation": 270},
				"down": {"uv": [4.5, 4.5, 4.25, 5], "texture": "#sign", "rotation": 90}
		}},
		{
			"from": [7.5, 13, 11],
			"to": [8.5, 14, 12],
			"rotation": {
				"origin": [8, 0, 8],
				"axis": "y",
				"angle": -22.5
			},
			"faces": {
				"south": {"uv": [4, 4, 4.25, 4.5], "texture": "#sign"},
				"west": {"uv": [4, 4, 4.25, 4.5], "texture": "#sign"},
				"east": {"uv": [4.25, 4, 4, 4.5], "texture": "#sign"},
				"up": {"uv": [4.25, 4, 4, 4.5], "texture": "#sign", "rotation": 270},
				"down": {"uv": [4.25, 4, 4, 4.5], "texture": "#sign", "rotation": 90}
		}},
		{
			"from": [7.5, 10, 11],
			"to": [8.5, 12, 12],
			"rotation": {
				"origin": [8, 0, 8],
				"axis": "y",
				"angle": -22.5
			},
			"faces": {
				"north": {"uv": [4, 5, 4.25, 6], "texture": "#sign"},
				"south": {"uv": [4, 5, 4.25, 6], "texture": "#sign"},
				"west": {"uv": [4, 5, 4.25, 6], "texture": "#sign"},
				"east": {"uv": [4.25, 5, 4, 6], "texture": "#sign"},
				"up": {"uv": [4.25, 5, 4, 5.5], "texture": "#sign", "rotation": 270}
		}},
		{
			"from": [7.5, 11, 12],
			"to": [8.5, 13, 13],
			"rotation": {
				"origin": [8, 0, 8],
				"axis": "y",
				"angle": -22.5
			},
			"faces": {
				"north": {"uv": [3.75, 4.5, 4, 5.5], "texture": "#sign"},
				"south": {"uv": [3.75, 4.5, 4, 5.5], "texture": "#sign"},
				"west": {"uv": [3.75, 4.5, 4, 5.5], "texture": "#sign"},
				"east": {"uv": [4, 4.5, 3.75, 5.5], "texture": "#sign"},
				"up": {"uv": [4, 4.5, 3.75, 5], "texture": "#sign", "rotation": 270},
				"down": {"uv": [4, 5, 3.75, 5.5], "texture": "#sign", "rotation": 90}
		}},
		{
			"from": [7.5, 10, 13],
			"to": [8.5, 12, 14],
			"rotation": {
				"origin": [8, 0, 8],
				"axis": "y",
				"angle": -22.5
			},
			"faces": {
				"north": {"uv": [3.5, 5, 3.75, 6], "texture": "#sign"},
				"south": {"uv": [3.5, 5, 3.75, 6], "texture": "#sign"},
				"west": {"uv": [3.5, 5, 3.75, 6], "texture": "#sign"},
				"east": {"uv": [3.75, 5, 3.5, 6], "texture": "#sign"},
				"up": {"uv": [3.75, 5, 3.5, 5.5], "texture": "#sign", "rotation": 270}
		}}
	]
}