{
	"parent": "block/block",
	"textures": {
		"particle": "#lantern"
	},
	"elements": [
		{
			"from": [5, 1, 5],
			"to": [11, 8, 11],
			"faces": {
				"west": {"uv": [0, 2, 6, 9], "texture": "#lantern"},
				"east": {"uv": [0, 2, 6, 9], "texture": "#lantern"},
				"north": {"uv": [0, 2, 6, 9], "texture": "#lantern"},
				"south": {"uv": [0, 2, 6, 9], "texture": "#lantern"},
				"up": {"uv": [0, 9, 6, 15], "texture": "#lantern"},
				"down": {"uv": [0, 9, 6, 15], "texture": "#lantern"}
		}},
		{
			"from": [6, 8, 6],
			"to": [10, 10, 10],
			"faces": {
				"west": {"uv": [1, 0, 5, 2], "texture": "#lantern"},
				"east": {"uv": [1, 0, 5, 2], "texture": "#lantern"},
				"north": {"uv": [1, 0, 5, 2], "texture": "#lantern"},
				"south": {"uv": [1, 0, 5, 2], "texture": "#lantern"},
				"up": {"uv": [1, 10, 5, 14], "texture": "#lantern"}
		}},
		{
			"from": [7.5, 10, 6.5],
			"to": [8.5, 16, 9.5],
			"faces": {
				"west": {"uv": [14, 6, 11, 12], "texture": "#lantern"},
				"east": {"uv": [11, 6, 14, 12], "texture": "#lantern"},
				"up": {"uv": [14, 6, 11, 7], "texture": "#lantern", "rotation": 90, "cullface": "up"}
		}},
		{
			"from": [7.5, 10, 6.5],
			"to": [8.5, 16, 7.5],
			"faces": {
				"north": {"uv": [13, 6, 14, 12], "texture": "#lantern"},
				"south": {"uv": [13, 6, 14, 12], "texture": "#lantern"}
		}},
		{
			"from": [7.5, 10, 8.5],
			"to": [8.5, 16, 9.5],
			"faces": {
				"north": {"uv": [11, 6, 12, 12], "texture": "#lantern"},
				"south": {"uv": [11, 6, 12, 12], "texture": "#lantern"}
		}},
		{
			"from": [7.5, 12, 6.5],
			"to": [8.5, 12, 9.5],
			"faces": {
				"up": {"uv": [14, 10, 11, 11], "texture": "#lantern", "rotation": 90}
		}},
		{
			"from": [7.5, 14, 6.5],
			"to": [8.5, 14, 9.5],
			"faces": {
				"down": {"uv": [11, 7, 14, 8], "texture": "#lantern", "rotation": 90}
		}},
		{
			"from": [6.5, 11, 7.5],
			"to": [9.5, 15, 8.5],
			"faces": {
				"north": {"uv": [14, 1, 11, 5], "texture": "#lantern"},
				"south": {"uv": [11, 1, 14, 5], "texture": "#lantern"},
				"up": {"uv": [11, 1, 14, 2], "texture": "#lantern"},
				"down": {"uv": [11, 4, 14, 5], "texture": "#lantern"}
		}},
		{
			"from": [6.5, 11, 7.5],
			"to": [7.5, 15, 8.5],
			"faces": {
				"west": {"uv": [11, 1, 12, 5], "texture": "#lantern"},
				"east": {"uv": [11, 1, 12, 5], "texture": "#lantern"}
		}},
		{
			"from": [8.5, 11, 7.5],
			"to": [9.5, 15, 8.5],
			"faces": {
				"west": {"uv": [13, 1, 14, 5], "texture": "#lantern"},
				"east": {"uv": [13, 1, 14, 5], "texture": "#lantern"}
		}}
	]
}