{
	"parent": "block/block",
	"textures": {
		"particle": "#lantern"
	},
	"elements": [
		{
			"from": [5, 0, 5],
			"to": [11, 7, 11],
			"faces": {
				"west": {"uv": [0, 2, 6, 9], "texture": "#lantern"},
				"east": {"uv": [0, 2, 6, 9], "texture": "#lantern"},
				"north": {"uv": [0, 2, 6, 9], "texture": "#lantern"},
				"south": {"uv": [0, 2, 6, 9], "texture": "#lantern"},
				"up": {"uv": [0, 9, 6, 15], "texture": "#lantern"},
				"down": {"uv": [0, 9, 6, 15], "texture": "#lantern", "cullface": "down"}
		}},
		{
			"from": [6, 7, 6],
			"to": [10, 9, 10],
			"faces": {
				"west": {"uv": [1, 0, 5, 2], "texture": "#lantern"},
				"east": {"uv": [1, 0, 5, 2], "texture": "#lantern"},
				"north": {"uv": [1, 0, 5, 2], "texture": "#lantern"},
				"south": {"uv": [1, 0, 5, 2], "texture": "#lantern"},
				"up": {"uv": [1, 10, 5, 14], "texture": "#lantern"}
		}},
		{
			"from": [7.5, 9, 6.5],
			"to": [8.5, 11, 9.5],
			"faces": {
				"west": {"uv": [14, 10, 11, 12], "texture": "#lantern"},
				"east": {"uv": [11, 10, 14, 12], "texture": "#lantern"},
				"up": {"uv": [14, 10, 11, 11], "texture": "#lantern", "rotation": 90}
		}},
		{
			"from": [7.5, 9, 6.5],
			"to": [8.5, 11, 7.5],
			"faces": {
				"north": {"uv": [13, 11, 14, 12], "texture": "#lantern"},
				"south": {"uv": [13, 11, 14, 12], "texture": "#lantern"}
		}},
		{
			"from": [7.5, 9, 8.5],
			"to": [8.5, 11, 9.5],
			"faces": {
				"north": {"uv": [11, 11, 12, 12], "texture": "#lantern"},
				"south": {"uv": [11, 11, 12, 12], "texture": "#lantern"}
		}},
		{
			"from": [7.5, 10, 7.5],
			"to": [8.5, 10, 8.5],
			"faces": {
				"down": {"uv": [12, 10, 13, 11], "texture": "#lantern", "rotation": 90}
		}}
	]
}