{
	"ambientocclusion": false,
	"texture_size": [64, 32],
	"elements": [
		{
			"from": [1, 0, 7],
			"to": [15, 10, 9],
			"rotation": {
				"origin": [8, 0, 8],
				"axis": "y",
				"angle": 22.5
			},
			"faces": {
				"west": {"uv": [4, 7, 4.5, 12], "texture": "#sign"},
				"east": {"uv": [0, 7, 0.5, 12], "texture": "#sign"},
				"north": {"uv": [0.5, 7, 4, 12], "texture": "#sign"},
				"south": {"uv": [4.5, 7, 8, 12], "texture": "#sign"},
				"up": {"uv": [4, 7, 0.5, 6], "texture": "#sign"},
				"down": {"uv": [7.5, 6, 4, 7], "texture": "#sign", "cullface": "down"}
		}},
		{
			"from": [6, 15, 7.5],
			"to": [10, 16, 8.5],
			"rotation": {
				"origin": [8, 0, 8],
				"axis": "y",
				"angle": 22.5
			},
			"faces": {
				"west": {"uv": [5.25, 3, 5.5, 3.5], "texture": "#sign"},
				"east": {"uv": [4.5, 3, 4.75, 3.5], "texture": "#sign"},
				"north": {"uv": [4.5, 3, 5.5, 3.5], "texture": "#sign"},
				"south": {"uv": [5.5, 3, 4.5, 3.5], "texture": "#sign"},
				"up": {"uv": [5.5, 3, 4.5, 3.5], "texture": "#sign"},
				"down": {"uv": [5.5, 3, 4.5, 3.5], "texture": "#sign"}
		}},
		{
			"from": [7, 14, 7.5],
			"to": [9, 15, 8.5],
			"rotation": {
				"origin": [8, 0, 8],
				"axis": "y",
				"angle": 22.5
			},
			"faces": {
				"west": {"uv": [5, 3.5, 5.25, 4], "texture": "#sign"},
				"east": {"uv": [4.75, 3.5, 5, 4], "texture": "#sign"},
				"north": {"uv": [4.75, 3.5, 5.25, 4], "texture": "#sign"},
				"south": {"uv": [5.25, 3.5, 4.75, 4], "texture": "#sign"},
				"down": {"uv": [5.25, 3.5, 4.75, 4], "texture": "#sign"}
		}},
		{
			"from": [2, 10, 7.5],
			"to": [3, 12, 8.5],
			"rotation": {
				"origin": [8, 0, 8],
				"axis": "y",
				"angle": 22.5
			},
			"faces": {
				"west": {"uv": [6.25, 5, 6.5, 6], "texture": "#sign"},
				"east": {"uv": [6.25, 5, 6.5, 6], "texture": "#sign"},
				"north": {"uv": [6.25, 5, 6.5, 6], "texture": "#sign"},
				"south": {"uv": [6.5, 5, 6.25, 6], "texture": "#sign"},
				"up": {"uv": [6.5, 5, 6.25, 5.5], "texture": "#sign"}
		}},
		{
			"from": [3, 11, 7.5],
			"to": [4, 13, 8.5],
			"rotation": {
				"origin": [8, 0, 8],
				"axis": "y",
				"angle": 22.5
			},
			"faces": {
				"west": {"uv": [6, 4.5, 6.25, 5.5], "texture": "#sign"},
				"east": {"uv": [6, 4.5, 6.25, 5.5], "texture": "#sign"},
				"north": {"uv": [6, 4.5, 6.25, 5.5], "texture": "#sign"},
				"south": {"uv": [6.25, 4.5, 6, 5.5], "texture": "#sign"},
				"up": {"uv": [6.25, 4.5, 6, 5], "texture": "#sign"},
				"down": {"uv": [6.25, 5, 6, 5.5], "texture": "#sign"}
		}},
		{
			"from": [4, 10, 7.5],
			"to": [5, 12, 8.5],
			"rotation": {
				"origin": [8, 0, 8],
				"axis": "y",
				"angle": 22.5
			},
			"faces": {
				"west": {"uv": [5.75, 5, 6, 6], "texture": "#sign"},
				"east": {"uv": [5.75, 5, 6, 6], "texture": "#sign"},
				"north": {"uv": [5.75, 5, 6, 6], "texture": "#sign"},
				"south": {"uv": [6, 5, 5.75, 6], "texture": "#sign"},
				"up": {"uv": [6, 5, 5.75, 5.5], "texture": "#sign"}
		}},
		{
			"from": [4, 13, 7.5],
			"to": [5, 14, 8.5],
			"rotation": {
				"origin": [8, 0, 8],
				"axis": "y",
				"angle": 22.5
			},
			"faces": {
				"west": {"uv": [5.75, 4, 6, 4.5], "texture": "#sign"},
				"north": {"uv": [5.75, 4, 6, 4.5], "texture": "#sign"},
				"south": {"uv": [6, 4, 5.75, 4.5], "texture": "#sign"},
				"up": {"uv": [6, 4, 5.75, 4.5], "texture": "#sign"},
				"down": {"uv": [6, 4, 5.75, 4.5], "texture": "#sign"}
		}},
		{
			"from": [5, 12, 7.5],
			"to": [6, 15, 8.5],
			"rotation": {
				"origin": [8, 0, 8],
				"axis": "y",
				"angle": 22.5
			},
			"faces": {
				"west": {"uv": [5.5, 3.5, 5.75, 5], "texture": "#sign"},
				"east": {"uv": [5.5, 3.5, 5.75, 5], "texture": "#sign"},
				"north": {"uv": [5.5, 3.5, 5.75, 5], "texture": "#sign"},
				"south": {"uv": [5.75, 3.5, 5.5, 5], "texture": "#sign"},
				"up": {"uv": [5.75, 3.5, 5.5, 4], "texture": "#sign"},
				"down": {"uv": [5.75, 4.5, 5.5, 5], "texture": "#sign"}
		}},
		{
			"from": [6, 13, 7.5],
			"to": [7, 14, 8.5],
			"rotation": {
				"origin": [8, 0, 8],
				"axis": "y",
				"angle": 22.5
			},
			"faces": {
				"east": {"uv": [5.25, 4, 5.5, 4.5], "texture": "#sign"},
				"north": {"uv": [5.25, 4, 5.5, 4.5], "texture": "#sign"},
				"south": {"uv": [5.5, 4, 5.25, 4.5], "texture": "#sign"},
				"up": {"uv": [5.5, 4, 5.25, 4.5], "texture": "#sign"},
				"down": {"uv": [5.5, 4, 5.25, 4.5], "texture": "#sign"}
		}},
		{
			"from": [9, 13, 7.5],
			"to": [10, 14, 8.5],
			"rotation": {
				"origin": [8, 0, 8],
				"axis": "y",
				"angle": 22.5
			},
			"faces": {
				"west": {"uv": [4.5, 4, 4.75, 4.5], "texture": "#sign"},
				"north": {"uv": [4.5, 4, 4.75, 4.5], "texture": "#sign"},
				"south": {"uv": [4.75, 4, 4.5, 4.5], "texture": "#sign"},
				"up": {"uv": [4.75, 4, 4.5, 4.5], "texture": "#sign"},
				"down": {"uv": [4.75, 4, 4.5, 4.5], "texture": "#sign"}
		}},
		{
			"from": [10, 12, 7.5],
			"to": [11, 15, 8.5],
			"rotation": {
				"origin": [8, 0, 8],
				"axis": "y",
				"angle": 22.5
			},
			"faces": {
				"west": {"uv": [4.25, 3.5, 4.5, 5], "texture": "#sign"},
				"east": {"uv": [4.25, 3.5, 4.5, 5], "texture": "#sign"},
				"north": {"uv": [4.25, 3.5, 4.5, 5], "texture": "#sign"},
				"south": {"uv": [4.5, 3.5, 4.25, 5], "texture": "#sign"},
				"up": {"uv": [4.5, 3.5, 4.25, 4], "texture": "#sign"},
				"down": {"uv": [4.5, 4.5, 4.25, 5], "texture": "#sign"}
		}},
		{
			"from": [11, 13, 7.5],
			"to": [12, 14, 8.5],
			"rotation": {
				"origin": [8, 0, 8],
				"axis": "y",
				"angle": 22.5
			},
			"faces": {
				"east": {"uv": [4, 4, 4.25, 4.5], "texture": "#sign"},
				"north": {"uv": [4, 4, 4.25, 4.5], "texture": "#sign"},
				"south": {"uv": [4.25, 4, 4, 4.5], "texture": "#sign"},
				"up": {"uv": [4.25, 4, 4, 4.5], "texture": "#sign"},
				"down": {"uv": [4.25, 4, 4, 4.5], "texture": "#sign"}
		}},
		{
			"from": [11, 10, 7.5],
			"to": [12, 12, 8.5],
			"rotation": {
				"origin": [8, 0, 8],
				"axis": "y",
				"angle": 22.5
			},
			"faces": {
				"west": {"uv": [4, 5, 4.25, 6], "texture": "#sign"},
				"east": {"uv": [4, 5, 4.25, 6], "texture": "#sign"},
				"north": {"uv": [4, 5, 4.25, 6], "texture": "#sign"},
				"south": {"uv": [4.25, 5, 4, 6], "texture": "#sign"},
				"up": {"uv": [4.25, 5, 4, 5.5], "texture": "#sign"}
		}},
		{
			"from": [12, 11, 7.5],
			"to": [13, 13, 8.5],
			"rotation": {
				"origin": [8, 0, 8],
				"axis": "y",
				"angle": 22.5
			},
			"faces": {
				"west": {"uv": [3.75, 4.5, 4, 5.5], "texture": "#sign"},
				"east": {"uv": [3.75, 4.5, 4, 5.5], "texture": "#sign"},
				"north": {"uv": [3.75, 4.5, 4, 5.5], "texture": "#sign"},
				"south": {"uv": [4, 4.5, 3.75, 5.5], "texture": "#sign"},
				"up": {"uv": [4, 4.5, 3.75, 5], "texture": "#sign"},
				"down": {"uv": [4, 5, 3.75, 5.5], "texture": "#sign"}
		}},
		{
			"from": [13, 10, 7.5],
			"to": [14, 12, 8.5],
			"rotation": {
				"origin": [8, 0, 8],
				"axis": "y",
				"angle": 22.5
			},
			"faces": {
				"west": {"uv": [3.5, 5, 3.75, 6], "texture": "#sign"},
				"east": {"uv": [3.5, 5, 3.75, 6], "texture": "#sign"},
				"north": {"uv": [3.5, 5, 3.75, 6], "texture": "#sign"},
				"south": {"uv": [3.75, 5, 3.5, 6], "texture": "#sign"},
				"up": {"uv": [3.75, 5, 3.5, 5.5], "texture": "#sign"}
		}}
	]
}