{
	"ambientocclusion": false,
	"texture_size": [64, 32],
	"elements": [
		{
			"from": [1, 0, 7],
			"to": [15, 10, 9],
			"rotation": {
				"origin": [8, 0, 8],
				"axis": "y",
				"angle": 45
			},
			"faces": {
				"west": {"uv": [4, 7, 4.5, 12], "texture": "#sign"},
				"east": {"uv": [0, 7, 0.5, 12], "texture": "#sign"},
				"north": {"uv": [0.5, 7, 4, 12], "texture": "#sign"},
				"south": {"uv": [4.5, 7, 8, 12], "texture": "#sign"},
				"up": {"uv": [4, 7, 0.5, 6], "texture": "#sign"},
				"down": {"uv": [7.5, 6, 4, 7], "texture": "#sign", "cullface": "down"}
		}},
		{
			"from": [2, 10, 7.5],
			"to": [5, 16, 8.5],
			"rotation": {
				"origin": [8, 0, 8],
				"axis": "y",
				"angle": 45
			},
			"faces": {
				"north": {"uv": [0, 3, 0.75, 6], "texture": "#sign"},
				"south": {"uv": [0.75, 3, 0, 6], "texture": "#sign"},
				"up": {"uv": [0.75, 3, 0, 3.5], "texture": "#sign", "cullface": "up"}
		}},
		{
			"from": [2, 10, 7.5],
			"to": [3, 16, 8.5],
			"rotation": {
				"origin": [8, 0, 8],
				"axis": "y",
				"angle": 45
			},
			"faces": {
				"west": {"uv": [0.5, 3, 0.75, 6], "texture": "#sign"},
				"east": {"uv": [0.5, 3, 0.75, 6], "texture": "#sign"}
		}},
		{
			"from": [4, 10, 7.5],
			"to": [5, 16, 8.5],
			"rotation": {
				"origin": [8, 0, 8],
				"axis": "y",
				"angle": 45
			},
			"faces": {
				"west": {"uv": [0, 3, 0.25, 6], "texture": "#sign"},
				"east": {"uv": [0, 3, 0.25, 6], "texture": "#sign"}
		}},
		{
			"from": [2, 12, 7.5],
			"to": [5, 12, 8.5],
			"rotation": {
				"origin": [8, 0, 8],
				"axis": "y",
				"angle": 45
			},
			"faces": {
				"up": {"uv": [0.75, 5, 0, 5.5], "texture": "#sign"}
		}},
		{
			"from": [2, 14, 7.5],
			"to": [5, 14, 8.5],
			"rotation": {
				"origin": [8, 0, 8],
				"axis": "y",
				"angle": 45
			},
			"faces": {
				"down": {"uv": [0.75, 3.5, 0, 4], "texture": "#sign"}
		}},
		{
			"from": [3, 11, 6.5],
			"to": [4, 15, 9.5],
			"rotation": {
				"origin": [8, 0, 8],
				"axis": "y",
				"angle": 45
			},
			"faces": {
				"west": {"uv": [2.25, 3.5, 1.5, 5.5], "texture": "#sign"},
				"east": {"uv": [1.5, 3.5, 2.25, 5.5], "texture": "#sign"},
				"up": {"uv": [1.5, 3.5, 2.25, 4], "texture": "#sign", "rotation": 270},
				"down": {"uv": [1.5, 5, 2.25, 5.5], "texture": "#sign", "rotation": 90}
		}},
		{
			"from": [3, 11, 6.5],
			"to": [4, 15, 7.5],
			"rotation": {
				"origin": [8, 0, 8],
				"axis": "y",
				"angle": 45
			},
			"faces": {
				"north": {"uv": [2, 3.5, 2.25, 5.5], "texture": "#sign"},
				"south": {"uv": [2, 3.5, 2.25, 5.5], "texture": "#sign"}
		}},
		{
			"from": [3, 11, 8.5],
			"to": [4, 15, 9.5],
			"rotation": {
				"origin": [8, 0, 8],
				"axis": "y",
				"angle": 45
			},
			"faces": {
				"north": {"uv": [1.5, 3.5, 1.75, 5.5], "texture": "#sign"},
				"south": {"uv": [1.5, 3.5, 1.75, 5.5], "texture": "#sign"}
		}},
		{
			"from": [11, 10, 7.5],
			"to": [14, 16, 8.5],
			"rotation": {
				"origin": [8, 0, 8],
				"axis": "y",
				"angle": 45
			},
			"faces": {
				"north": {"uv": [0, 3, 0.75, 6], "texture": "#sign"},
				"south": {"uv": [0.75, 3, 0, 6], "texture": "#sign"},
				"up": {"uv": [0.75, 3, 0, 3.5], "texture": "#sign", "cullface": "up"}
		}},
		{
			"from": [11, 10, 7.5],
			"to": [12, 16, 8.5],
			"rotation": {
				"origin": [8, 0, 8],
				"axis": "y",
				"angle": 45
			},
			"faces": {
				"west": {"uv": [0.5, 3, 0.75, 6], "texture": "#sign"},
				"east": {"uv": [0.5, 3, 0.75, 6], "texture": "#sign"}
		}},
		{
			"from": [13, 10, 7.5],
			"to": [14, 16, 8.5],
			"rotation": {
				"origin": [8, 0, 8],
				"axis": "y",
				"angle": 45
			},
			"faces": {
				"west": {"uv": [0, 3, 0.25, 6], "texture": "#sign"},
				"east": {"uv": [0, 3, 0.25, 6], "texture": "#sign"}
		}},
		{
			"from": [11, 12, 7.5],
			"to": [14, 12, 8.5],
			"rotation": {
				"origin": [8, 0, 8],
				"axis": "y",
				"angle": 45
			},
			"faces": {
				"up": {"uv": [0.75, 5, 0, 5.5], "texture": "#sign"}
		}},
		{
			"from": [11, 14, 7.5],
			"to": [14, 14, 8.5],
			"rotation": {
				"origin": [8, 0, 8],
				"axis": "y",
				"angle": 45
			},
			"faces": {
				"down": {"uv": [0.75, 3.5, 0, 4], "texture": "#sign"}
		}},
		{
			"from": [12, 11, 6.5],
			"to": [13, 15, 9.5],
			"rotation": {
				"origin": [8, 0, 8],
				"axis": "y",
				"angle": 45
			},
			"faces": {
				"west": {"uv": [2.25, 3.5, 1.5, 5.5], "texture": "#sign"},
				"east": {"uv": [1.5, 3.5, 2.25, 5.5], "texture": "#sign"},
				"up": {"uv": [1.5, 3.5, 2.25, 4], "texture": "#sign", "rotation": 270},
				"down": {"uv": [1.5, 5, 2.25, 5.5], "texture": "#sign", "rotation": 90}
		}},
		{
			"from": [12, 11, 6.5],
			"to": [13, 15, 7.5],
			"rotation": {
				"origin": [8, 0, 8],
				"axis": "y",
				"angle": 45
			},
			"faces": {
				"north": {"uv": [2, 3.5, 2.25, 5.5], "texture": "#sign"},
				"south": {"uv": [2, 3.5, 2.25, 5.5], "texture": "#sign"}
		}},
		{
			"from": [12, 11, 8.5],
			"to": [13, 15, 9.5],
			"rotation": {
				"origin": [8, 0, 8],
				"axis": "y",
				"angle": 45
			},
			"faces": {
				"north": {"uv": [1.5, 3.5, 1.75, 5.5], "texture": "#sign"},
				"south": {"uv": [1.5, 3.5, 1.75, 5.5], "texture": "#sign"}
		}}
	]
}