{
	"credit": "Made with Blockbench",
	"ambientocclusion": false,
	"textures": {
		"particle": "block/lily_pad",
		"texture": "block/lily_pad"
	},
	"elements": [
		{
			"from": [3, 0, 6],
			"to": [12, 0.85, 13],
			"rotation": {"angle": 0, "axis": "y", "origin": [9, 12, 10]},
			"faces": {
				"north": {"uv": [4, 5, 13, 6], "texture": "#texture", "tintindex": 0},
				"east": {"uv": [12, 6, 13, 13], "rotation": 90, "texture": "#texture", "tintindex": 0},
				"south": {"uv": [4, 12, 13, 13], "texture": "#texture", "tintindex": 0},
				"west": {"uv": [4, 6, 5, 13], "rotation": 270, "texture": "#texture", "tintindex": 0},
				"up": {"uv": [13, 6, 4, 13], "texture": "#texture", "tintindex": 0},
				"down": {"uv": [13, 6, 4, 13], "texture": "#texture", "tintindex": 0}
			}
		},
		{
			"from": [3, 0, 2],
			"to": [5, 0.85, 6],
			"rotation": {"angle": 0, "axis": "y", "origin": [9, 12, 3]},
			"faces": {
				"north": {"uv": [4, 2, 6, 3], "texture": "#texture", "tintindex": 0},
				"east": {"uv": [4, 2, 5, 6], "rotation": 90, "texture": "#texture", "tintindex": 0},
				"west": {"uv": [5, 2, 6, 6], "rotation": 270, "texture": "#texture", "tintindex": 0},
				"up": {"uv": [6, 2, 4, 6], "texture": "#texture", "tintindex": 0},
				"down": {"uv": [6, 6, 4, 2], "texture": "#texture", "tintindex": 0}
			}
		},
		{
			"from": [5, 0, 3],
			"to": [6, 0.85, 6],
			"rotation": {"angle": 0, "axis": "y", "origin": [10, 12, 3]},
			"faces": {
				"north": {"uv": [6, 3, 7, 4], "texture": "#texture", "tintindex": 0},
				"east": {"uv": [10, 3, 11, 6], "rotation": 90, "texture": "#texture", "tintindex": 0},
				"up": {"uv": [7, 3, 6, 6], "texture": "#texture", "tintindex": 0},
				"down": {"uv": [10, 6, 11, 3], "texture": "#texture", "tintindex": 0}
			}
		},
		{
			"from": [9, 0, 3],
			"to": [10, 0.85, 6],
			"rotation": {"angle": 0, "axis": "y", "origin": [14, 12, 3]},
			"faces": {
				"north": {"uv": [10, 3, 11, 4], "texture": "#texture", "tintindex": 0},
				"west": {"uv": [10, 3, 11, 6], "rotation": 270, "texture": "#texture", "tintindex": 0},
				"up": {"uv": [11, 3, 10, 6], "texture": "#texture", "tintindex": 0},
				"down": {"uv": [7, 6, 6, 3], "texture": "#texture", "tintindex": 0}
			}
		},
		{
			"from": [10, 0, 2],
			"to": [12, 0.85, 6],
			"rotation": {"angle": 0, "axis": "y", "origin": [16, 12, 3]},
			"faces": {
				"north": {"uv": [4, 2, 6, 3], "texture": "#texture", "tintindex": 0},
				"east": {"uv": [4, 2, 5, 6], "rotation": 90, "texture": "#texture", "tintindex": 0},
				"west": {"uv": [12, 2, 13, 6], "rotation": 270, "texture": "#texture", "tintindex": 0},
				"up": {"uv": [13, 2, 11, 6], "texture": "#texture", "tintindex": 0},
				"down": {"uv": [13, 6, 11, 2], "texture": "#texture", "tintindex": 0}
			}
		},
		{
			"from": [2, 0, 4],
			"to": [3, 0.85, 11],
			"rotation": {"angle": 0, "axis": "y", "origin": [8, 12, 8]},
			"faces": {
				"north": {"uv": [3, 4, 4, 5], "texture": "#texture", "tintindex": 0},
				"south": {"uv": [3, 10, 4, 11], "texture": "#texture", "tintindex": 0},
				"west": {"uv": [3, 4, 4, 11], "rotation": 90, "texture": "#texture", "tintindex": 0},
				"up": {"uv": [4, 4, 3, 11], "texture": "#texture", "tintindex": 0},
				"down": {"uv": [4, 11, 3, 4], "texture": "#texture", "tintindex": 0}
			}
		},
		{
			"from": [12, 0, 4],
			"to": [13, 0.85, 11],
			"rotation": {"angle": 0, "axis": "y", "origin": [18, 12, 8]},
			"faces": {
				"north": {"uv": [13, 4, 14, 5], "texture": "#texture", "tintindex": 0},
				"east": {"uv": [13, 4, 14, 11], "rotation": 90, "texture": "#texture", "tintindex": 0},
				"south": {"uv": [13, 10, 14, 11], "texture": "#texture", "tintindex": 0},
				"up": {"uv": [14, 4, 13, 11], "texture": "#texture", "tintindex": 0},
				"down": {"uv": [14, 11, 13, 4], "texture": "#texture", "tintindex": 0}
			}
		},
		{
			"from": [5, 0, 13],
			"to": [10, 0.85, 14],
			"rotation": {"angle": 0, "axis": "y", "origin": [9, 12, 10]},
			"faces": {
				"east": {"uv": [10, 13, 11, 14], "texture": "#texture", "tintindex": 0},
				"south": {"uv": [6, 13, 11, 14], "texture": "#texture", "tintindex": 0},
				"west": {"uv": [6, 13, 7, 14], "texture": "#texture", "tintindex": 0},
				"up": {"uv": [11, 13, 6, 14], "texture": "#texture", "tintindex": 0},
				"down": {"uv": [11, 14, 6, 13], "texture": "#texture", "tintindex": 0}
			}
		},
		{
			"from": [1, 0.325, 6],
			"to": [14, 0.525, 11],
			"rotation": {"angle": 0, "axis": "y", "origin": [9, 11, 14]},
			"faces": {
				"east": {"uv": [2, 6, 3, 11], "texture": "#texture", "tintindex": 0},
				"south": {"uv": [2, 10, 15, 11], "texture": "#texture", "tintindex": 0},
				"west": {"uv": [2, 6, 3, 11], "texture": "#texture", "tintindex": 0},
				"up": {"uv": [15, 6, 2, 11], "texture": "#texture", "tintindex": 0},
				"down": {"uv": [15, 11, 2, 6], "texture": "#texture", "tintindex": 0}
			}
		},
		{
			"from": [1, 0.325, 4],
			"to": [7, 0.525, 6],
			"rotation": {"angle": 0, "axis": "y", "origin": [9, 11, 9]},
			"faces": {
				"north": {"uv": [2, 4, 8, 5], "texture": "#texture", "tintindex": 0},
				"east": {"uv": [7, 4, 8, 6], "rotation": 90, "texture": "#texture", "tintindex": 0},
				"west": {"uv": [2, 4, 3, 6], "texture": "#texture", "tintindex": 0},
				"up": {"uv": [2, 4, 8, 6], "texture": "#texture", "tintindex": 0},
				"down": {"uv": [15, 6, 9, 4], "texture": "#texture", "tintindex": 0}
			}
		},
		{
			"from": [2, 0.325, 2],
			"to": [4, 0.525, 4],
			"rotation": {"angle": 0, "axis": "y", "origin": [10, 11, 7]},
			"faces": {
				"north": {"uv": [3, 2, 5, 3], "rotation": 180, "texture": "#texture", "tintindex": 0},
				"west": {"uv": [3, 2, 4, 4], "texture": "#texture", "tintindex": 0},
				"up": {"uv": [3, 2, 5, 4], "texture": "#texture", "tintindex": 0},
				"down": {"uv": [4, 4, 3, 2], "texture": "#texture", "tintindex": 0}
			}
		},
		{
			"from": [11, 0.325, 2],
			"to": [13, 0.525, 4],
			"rotation": {"angle": 0, "axis": "y", "origin": [19, 11, 7]},
			"faces": {
				"north": {"uv": [12, 2, 14, 3], "rotation": 180, "texture": "#texture", "tintindex": 0},
				"east": {"uv": [13, 2, 14, 4], "texture": "#texture", "tintindex": 0},
				"up": {"uv": [12, 2, 14, 4], "texture": "#texture", "tintindex": 0},
				"down": {"uv": [14, 4, 13, 2], "texture": "#texture", "tintindex": 0}
			}
		},
		{
			"from": [3, 0.325, 1],
			"to": [6, 0.525, 4],
			"rotation": {"angle": 0, "axis": "y", "origin": [11, 11, 6]},
			"faces": {
				"north": {"uv": [4, 1, 7, 2], "rotation": 180, "texture": "#texture", "tintindex": 0},
				"east": {"uv": [6, 1, 7, 4], "rotation": 90, "texture": "#texture", "tintindex": 0},
				"west": {"uv": [4, 1, 5, 4], "rotation": 270, "texture": "#texture", "tintindex": 0},
				"up": {"uv": [4, 1, 7, 4], "texture": "#texture", "tintindex": 0},
				"down": {"uv": [13, 4, 10, 1], "texture": "#texture", "tintindex": 0}
			}
		},
		{
			"from": [9, 0.325, 1],
			"to": [12, 0.525, 4],
			"rotation": {"angle": 0, "axis": "y", "origin": [17, 11, 6]},
			"faces": {
				"north": {"uv": [10, 1, 13, 2], "rotation": 180, "texture": "#texture", "tintindex": 0},
				"east": {"uv": [12, 1, 13, 4], "rotation": 90, "texture": "#texture", "tintindex": 0},
				"west": {"uv": [10, 1, 11, 4], "rotation": 270, "texture": "#texture", "tintindex": 0},
				"up": {"uv": [10, 1, 13, 4], "texture": "#texture", "tintindex": 0},
				"down": {"uv": [7, 4, 4, 1], "texture": "#texture", "tintindex": 0}
			}
		},
		{
			"from": [6, 0.325, 3],
			"to": [7, 0.525, 4],
			"rotation": {"angle": 0, "axis": "y", "origin": [12, 11, 6]},
			"faces": {
				"north": {"uv": [7, 3, 8, 4], "texture": "#texture", "tintindex": 0},
				"east": {"uv": [7, 3, 8, 4], "texture": "#texture", "tintindex": 0},
				"up": {"uv": [7, 3, 8, 4], "texture": "#texture", "tintindex": 0},
				"down": {"uv": [8, 4, 7, 3], "texture": "#texture", "tintindex": 0}
			}
		},
		{
			"from": [8, 0.325, 3],
			"to": [9, 0.525, 4],
			"rotation": {"angle": 0, "axis": "y", "origin": [14, 11, 6]},
			"faces": {
				"north": {"uv": [9, 3, 10, 4], "texture": "#texture", "tintindex": 0},
				"west": {"uv": [9, 3, 10, 4], "texture": "#texture", "tintindex": 0},
				"up": {"uv": [9, 3, 10, 4], "texture": "#texture", "tintindex": 0},
				"down": {"uv": [10, 4, 9, 3], "texture": "#texture", "tintindex": 0}
			}
		},
		{
			"from": [7, 0.325, 5],
			"to": [8, 0.525, 6],
			"rotation": {"angle": 0, "axis": "y", "origin": [10, 11, 9]},
			"faces": {
				"north": {"uv": [8, 5, 9, 6], "texture": "#texture", "tintindex": 0},
				"up": {"uv": [8, 5, 9, 6], "texture": "#texture", "tintindex": 0},
				"down": {"uv": [8, 5, 9, 6], "texture": "#texture", "tintindex": 0}
			}
		},
		{
			"from": [8, 0.325, 4],
			"to": [14, 0.525, 6],
			"rotation": {"angle": 0, "axis": "y", "origin": [16, 11, 9]},
			"faces": {
				"north": {"uv": [9, 4, 15, 5], "texture": "#texture", "tintindex": 0},
				"east": {"uv": [14, 4, 15, 6], "texture": "#texture", "tintindex": 0},
				"west": {"uv": [9, 4, 10, 6], "rotation": 270, "texture": "#texture", "tintindex": 0},
				"up": {"uv": [9, 4, 15, 6], "texture": "#texture", "tintindex": 0},
				"down": {"uv": [8, 6, 2, 4], "texture": "#texture", "tintindex": 0}
			}
		},
		{
			"from": [2, 0.325, 11],
			"to": [13, 0.525, 13],
			"rotation": {"angle": 0, "axis": "y", "origin": [9, 11, 16]},
			"faces": {
				"east": {"uv": [13, 11, 14, 13], "texture": "#texture", "tintindex": 0},
				"south": {"uv": [3, 12, 14, 13], "texture": "#texture", "tintindex": 0},
				"west": {"uv": [3, 11, 4, 13], "texture": "#texture", "tintindex": 0},
				"up": {"uv": [14, 11, 3, 13], "texture": "#texture", "tintindex": 0},
				"down": {"uv": [14, 13, 3, 11], "texture": "#texture", "tintindex": 0}
			}
		},
		{
			"from": [3, 0.325, 13],
			"to": [12, 0.525, 14],
			"rotation": {"angle": 0, "axis": "y", "origin": [9, 11, 18]},
			"faces": {
				"east": {"uv": [12, 13, 13, 14], "texture": "#texture", "tintindex": 0},
				"south": {"uv": [4, 13, 13, 14], "texture": "#texture", "tintindex": 0},
				"west": {"uv": [4, 13, 5, 14], "texture": "#texture", "tintindex": 0},
				"up": {"uv": [13, 13, 4, 14], "texture": "#texture", "tintindex": 0},
				"down": {"uv": [13, 14, 4, 13], "texture": "#texture", "tintindex": 0}
			}
		},
		{
			"from": [5, 0.325, 14],
			"to": [10, 0.525, 15],
			"rotation": {"angle": 0, "axis": "y", "origin": [9, 11, 19]},
			"faces": {
				"east": {"uv": [10, 14, 11, 15], "texture": "#texture", "tintindex": 0},
				"south": {"uv": [6, 14, 11, 15], "texture": "#texture", "tintindex": 0},
				"west": {"uv": [6, 14, 7, 15], "texture": "#texture", "tintindex": 0},
				"up": {"uv": [11, 14, 6, 15], "texture": "#texture", "tintindex": 0},
				"down": {"uv": [11, 15, 6, 14], "texture": "#texture", "tintindex": 0}
			}
		}
	],
	"display": {
		"thirdperson_righthand": {
			"rotation": [90, 0, 0],
			"translation": [0, 1.5, 5],
			"scale": [0.55, 0.55, 0.55]
		},
		"thirdperson_lefthand": {
			"rotation": [90, 0, 0],
			"translation": [0, 1.5, 5],
			"scale": [0.55, 0.55, 0.55]
		},
		"firstperson_righthand": {
			"rotation": [65, 15, 15],
			"translation": [5.5, 3, 0.5],
			"scale": [0.8, 0.8, 0.8]
		},
		"firstperson_lefthand": {
			"rotation": [65, 15, 15],
			"translation": [5.5, 3, 0.5],
			"scale": [0.8, 0.8, 0.8]
		},
		"ground": {
			"translation": [0, 2, 0],
			"scale": [0.5, 0.5, 0.5]
		},
		"gui": {
			"rotation": [30.75, 45, 0],
			"translation": [0.25, 5.5, 0]
		},
		"head": {
			"translation": [0, 14, 0]
		},
		"fixed": {
			"rotation": [90, 0, 0],
			"translation": [0, 0, 7.25]
		}
	},
	"groups": [
		{
			"name": "internal",
			"origin": [9, 12, 10],
			"children": [0, 1, 2, 3, 4, 5, 6, 7]
		},
		{
			"name": "external",
			"origin": [9, 11, 19],
			"children": [8, 9, 10, 11, 12, 13, 14, 15, 16, 17, 18, 19, 20]
		}
	]
}