{
	"format_version": "1.21.6",
	"credit": "cyberia was here",
	"textures": {
		"2": "block/pale_hanging_moss_tip",
		"particle": "block/pale_hanging_moss_tip"
	},
	"elements": [
		{
			"from": [8, 0, 0.8],
			"to": [8, 16, 15.2],
			"shade": false,
			"light_emission": 5,
			"rotation": {"angle": 45, "axis": "y", "origin": [8, 8, 8], "rescale": true},
			"faces": {
				"east": {"uv": [0, 0, 16, 16], "texture": "#2"},
				"west": {"uv": [0, 0, 16, 16], "texture": "#2"}
			}
		},
		{
			"from": [0.8, 0, 8],
			"to": [15.2, 16, 8],
			"shade": false,
			"light_emission": 5,
			"rotation": {"angle": 45, "axis": "y", "origin": [8, 8, 8], "rescale": true},
			"faces": {
				"north": {"uv": [0, 0, 16, 16], "texture": "#2"},
				"south": {"uv": [0, 0, 16, 16], "texture": "#2"}
			}
		}
	],
	"display": {
		"thirdperson_righthand": {
			"rotation": [70, 90, 0],
			"translation": [0, -2.75, -2.5],
			"scale": [0.375, 0.375, 0.375]
		},
		"thirdperson_lefthand": {
			"rotation": [70, 90, 0],
			"translation": [0, -2.75, -2.5],
			"scale": [0.375, 0.375, 0.375]
		},
		"firstperson_righthand": {
			"rotation": [0, 120, 0],
			"translation": [0.25, 2.75, 1.75],
			"scale": [0.35, 0.35, 0.35]
		},
		"firstperson_lefthand": {
			"rotation": [0, 120, 0],
			"translation": [0.25, 2.75, 1.75],
			"scale": [0.35, 0.35, 0.35]
		},
		"ground": {
			"translation": [0, 2.75, 0],
			"scale": [0.5, 0.5, 0.5]
		},
		"gui": {
			"rotation": [25, 90, 0],
			"translation": [0, -1.75, 0],
			"scale": [0.75, 0.75, 0.75]
		},
		"head": {
			"rotation": [-180, 0, 0],
			"translation": [0, 15, 0]
		},
		"fixed": {
			"rotation": [0, 45, 0],
			"translation": [0, -2.25, 1],
			"scale": [0.75, 0.75, 0.75]
		}
	}
}