{
	"format_version": "1.21.6",
	"credit": "cyberia was here",
	"textures": {
		"1": "item/sugar_cane_3d"
	},
	"elements": [
		{
			"from": [6, 1, 6],
			"to": [8, 17, 8],
			"rotation": {"angle": 0, "axis": "y", "origin": [6, 1, 6]},
			"faces": {
				"north": {"uv": [0, 0, 2, 16], "texture": "#1"},
				"east": {"uv": [2, 0, 4, 16], "texture": "#1"},
				"south": {"uv": [4, 0, 6, 16], "texture": "#1"},
				"west": {"uv": [6, 0, 8, 16], "texture": "#1"},
				"up": {"uv": [10, 2, 8, 0], "texture": "#1"},
				"down": {"uv": [10, 2, 8, 4], "texture": "#1"}
			}
		},
		{
			"from": [5, 1, 7],
			"to": [6, 17, 7],
			"rotation": {"angle": 0, "axis": "y", "origin": [4, 1, 7]},
			"faces": {
				"north": {"uv": [10, 0, 11, 16], "texture": "#1"},
				"south": {"uv": [10, 0, 11, 16], "texture": "#1"}
			}
		},
		{
			"from": [8, 1, 7],
			"to": [9, 17, 7],
			"rotation": {"angle": 0, "axis": "y", "origin": [7, 1, 7]},
			"faces": {
				"north": {"uv": [11, 0, 12, 16], "texture": "#1"},
				"south": {"uv": [11, 0, 12, 16], "texture": "#1"}
			}
		},
		{
			"from": [7, 1, 8],
			"to": [7, 17, 9],
			"rotation": {"angle": 0, "axis": "y", "origin": [7, 1, 8]},
			"faces": {
				"east": {"uv": [11, 0, 12, 16], "texture": "#1"},
				"west": {"uv": [11, 0, 12, 16], "texture": "#1"}
			}
		},
		{
			"from": [7, 1, 5],
			"to": [7, 17, 6],
			"rotation": {"angle": 0, "axis": "y", "origin": [7, 1, 4]},
			"faces": {
				"east": {"uv": [10, 0, 11, 16], "texture": "#1"},
				"west": {"uv": [10, 0, 11, 16], "texture": "#1"}
			}
		},
		{
			"from": [8, 0, 8],
			"to": [10, 16, 10],
			"rotation": {"angle": 0, "axis": "y", "origin": [8, 0, 8]},
			"faces": {
				"north": {"uv": [0, 0, 2, 16], "texture": "#1"},
				"east": {"uv": [2, 0, 4, 16], "texture": "#1"},
				"south": {"uv": [4, 0, 6, 16], "texture": "#1"},
				"west": {"uv": [6, 0, 8, 16], "texture": "#1"},
				"up": {"uv": [10, 2, 8, 0], "texture": "#1"},
				"down": {"uv": [10, 2, 8, 4], "texture": "#1"}
			}
		},
		{
			"from": [7, 0, 9],
			"to": [8, 16, 9],
			"rotation": {"angle": 0, "axis": "y", "origin": [6, 0, 9]},
			"faces": {
				"north": {"uv": [10, 0, 11, 16], "texture": "#1"},
				"south": {"uv": [10, 0, 11, 16], "texture": "#1"}
			}
		},
		{
			"from": [10, 0, 9],
			"to": [11, 16, 9],
			"rotation": {"angle": 0, "axis": "y", "origin": [9, 0, 9]},
			"faces": {
				"north": {"uv": [11, 0, 12, 16], "texture": "#1"},
				"south": {"uv": [11, 0, 12, 16], "texture": "#1"}
			}
		},
		{
			"from": [9, 0, 10],
			"to": [9, 16, 11],
			"rotation": {"angle": 0, "axis": "y", "origin": [9, 0, 10]},
			"faces": {
				"east": {"uv": [11, 0, 12, 16], "texture": "#1"},
				"west": {"uv": [11, 0, 12, 16], "texture": "#1"}
			}
		},
		{
			"from": [9, 0, 7],
			"to": [9, 16, 8],
			"rotation": {"angle": 0, "axis": "y", "origin": [9, 0, 6]},
			"faces": {
				"east": {"uv": [10, 0, 11, 16], "texture": "#1"},
				"west": {"uv": [10, 0, 11, 16], "texture": "#1"}
			}
		}
	],
	"display": {
		"thirdperson_righthand": {
			"rotation": [0, -180, 0],
			"translation": [0, 2, 2],
			"scale": [0.6, 0.6, 0.6]
		},
		"thirdperson_lefthand": {
			"rotation": [0, 90, 0],
			"translation": [0, 2, 2],
			"scale": [0.6, 0.6, 0.6]
		},
		"firstperson_righthand": {
			"rotation": [0, -180, 0],
			"translation": [1.5, 3.5, 0],
			"scale": [0.6, 0.6, 0.6]
		},
		"firstperson_lefthand": {
			"rotation": [0, -90, 0],
			"translation": [1.5, 3.5, 0],
			"scale": [0.6, 0.6, 0.6]
		},
		"ground": {
			"translation": [0, 3, 0],
			"scale": [0.375, 0.375, 0.375]
		},
		"gui": {
			"rotation": [25, 0, -45]
		},
		"head": {
			"translation": [0, 11.5, 0],
			"scale": [0.625, 0.625, 0.625]
		},
		"fixed": {
			"rotation": [-180, 0, 134]
		}
	},
	"groups": [
		{
			"name": "sugarcane1",
			"origin": [6, 0, 4],
			"color": 0,
			"children": [
				0,
				{
					"name": "group",
					"origin": [6, 0, 4],
					"color": 0,
					"children": [1, 2, 3, 4]
				}
			]
		},
		{
			"name": "sugarcane1",
			"origin": [6, 0, 4],
			"color": 0,
			"children": [
				5,
				{
					"name": "group",
					"origin": [6, 0, 4],
					"color": 0,
					"children": [6, 7, 8, 9]
				}
			]
		}
	]
}