{
	"format_version": "1.21.6",
	"credit": "Made with Blockbench",
	"textures": {
		"0": "item/warped_fungus_3d",
		"1": "item/warped_fungus_emissive_3d",
		"particle": "item/warped_fungus_3d"
	},
	"elements": [
		{
			"from": [3, 5, 3],
			"to": [13, 9, 13],
			"light_emission": 5,
			"faces": {
				"north": {"uv": [0, 0, 5, 2], "texture": "#0"},
				"east": {"uv": [0, 4, 5, 6], "texture": "#0"},
				"south": {"uv": [0, 2, 5, 4], "texture": "#0"},
				"west": {"uv": [0, 6, 5, 8], "texture": "#0"},
				"up": {"uv": [0, 8, 5, 13], "texture": "#0"},
				"down": {"uv": [10, 8, 15, 13], "texture": "#0"}
			}
		},
		{
			"from": [3, 5, 3],
			"to": [13, 9, 13],
			"light_emission": 15,
			"faces": {
				"north": {"uv": [0, 0, 5, 2], "texture": "#1"},
				"east": {"uv": [0, 4, 5, 6], "texture": "#1"},
				"south": {"uv": [0, 2, 5, 4], "texture": "#1"},
				"west": {"uv": [0, 6, 5, 8], "texture": "#1"},
				"up": {"uv": [0, 8, 5, 13], "texture": "#1"},
				"down": {"uv": [10, 8, 15, 13], "texture": "#1"}
			}
		},
		{
			"from": [7, 0, 7],
			"to": [9, 5, 9],
			"faces": {
				"north": {"uv": [6, 0, 7, 2.5], "texture": "#0"},
				"east": {"uv": [7, 2.5, 8, 5], "texture": "#0"},
				"south": {"uv": [7, 0, 8, 2.5], "texture": "#0"},
				"west": {"uv": [6, 2.5, 7, 5], "texture": "#0"},
				"up": {"uv": [0, 0, 2, 2], "texture": "#missing"},
				"down": {"uv": [6, 5, 7, 6], "texture": "#0"}
			}
		}
	],
	"display": {
		"thirdperson_righthand": {
			"translation": [0, 4, 1],
			"scale": [0.5, 0.5, 0.5]
		},
		"thirdperson_lefthand": {
			"translation": [0, 4, 1],
			"scale": [0.5, 0.5, 0.5]
		},
		"firstperson_righthand": {
			"rotation": [0, 45, 0],
			"translation": [0, 4.25, 1.75],
			"scale": [0.4, 0.4, 0.4]
		},
		"firstperson_lefthand": {
			"rotation": [0, 45, 0],
			"translation": [0, 4.25, 1.75],
			"scale": [0.4, 0.4, 0.4]
		},
		"ground": {
			"translation": [0, 3, 0],
			"scale": [0.5, 0.5, 0.5]
		},
		"gui": {
			"rotation": [30, 135, 0]
		},
		"head": {
			"translation": [0, 11.5, 0],
			"scale": [0.625, 0.625, 0.625]
		}
	}
}