{
  "model": {
    "type": "minecraft:select",
    "property": "minecraft:display_context",
    "cases": [
      {
        "when": [
          "firstperson_righthand",
          "firstperson_lefthand",
          "thirdperson_righthand",
          "thirdperson_lefthand",
          "head",
          "ground"
        ],
        "model": {
          "type": "minecraft:model",
          "model": "minecraft:item/pale_hanging_moss_3d"
        }
      }
    ],
    "fallback": {
      "type": "minecraft:model",
      "model": "minecraft:item/pale_hanging_moss"
    }
  }
}