{
  "starting_y": 6,
  "scaling": {
    "horizontal_scale": 1,
    "vertical_scale": 1
  },
  "height_map": "dreamatlas:atlasmap",
  "surface_biomes": {
    "map": "dreamatlas:atlasmap",
    "biomes": [
      {
        "biome": "biomeswevegone:dead_sea",
        "color": "#5F1D8E"
      },
      {
        "biome": "biomeswevegone:lush_stacks",
        "color": "#8C0C87"
      },
      {
        "biome": "biomeswevegone:windswept_desert",
        "color": "#C6A883"
      },
      {
        "biome": "biomeswevegone:mojave_desert",
        "color": "#8C7B00"
      },
      {
        "biome": "biomeswevegone:atacama_outback",
        "color": "#C97201"
      },
      {
        "biome": "biomeswevegone:red_rock_valley",
        "color": "#8C1000"
      },
      {
        "biome": "biomeswevegone:sierra_badlands",
        "color": "#FFFF00"
      },
      {
        "biome": "biomeswevegone:firecracker_chaparral",
        "color": "#658F08"
      },
      {
        "biome": "terralith:haze_mountain",
        "color": "#0B8FD9"
      },
      {
        "biome": "biomeswevegone:prairie",
        "color": "#8FD820"
      },
      {
        "biome": "terralith:emerald_peaks",
        "color": "#A9D6C4"
      },
      {
        "biome": "terralith:amethyst_canyon",
        "color": "#A000D1"
      },
      {
        "biome": "terralith:yosemite_cliffs",
        "color": "#4C4A4C"
      },
      {
        "biome": "terralith:blooming_plateau",
        "color": "#2DE824"
      },
      {
        "biome": "terralith:rocky_mountains",
        "color": "#FFE3E3"
      },
      {
        "biome": "terralith:caldera",
        "color": "#B5EDFF"
      },
      {
        "biome": "terralith:bryce_canyon",
        "color": "#FFB23F"
      },
      {
        "biome": "terralith:haze_mountain",
        "color": "#84B3FF"
      },
      {
        "biome": "terralith:moonlight_valley",
        "color": "#0400FF"
      },
      {
        "biome": "terralith:blooming_valley",
        "color": "#A8FFAE"
      },
      {
        "biome": "terralith:sakura_valley",
        "color": "#FF1E47"
      },
      {
        "biome": "terralith:painted_mountains",
        "color": "#FF4C00"
      },
      {
        "biome": "terralith:volcanic_peaks",
        "color": "#110500"
      },
      {
        "biome": "terralith:volcanic_crater",
        "color": "#710500"
      },
      {
        "biome": "terralith:yellowstone",
        "color": "#707000"
      },
      {
        "biome": "terralith:sakura_grove",
        "color": "#FF1EA3"
      },
      {
        "biome": "terralith:moonlight_grove",
        "color": "#04FFDD"
      },
      {
        "biome": "terralith:desert_spires",
        "color": "#FFF19B"
      },
      {
        "biome": "terralith:red_oasis",
        "color": "#FF5470"
      },
      {
        "biome": "terralith:desert_oasis",
        "color": "#EAFFA8"
      },
      {
        "biome": "terralith:desert_canyon",
        "color": "#EAFF46"
      },
      {
        "biome": "terralith:arid_highlands",
        "color": "#B6FF59"
      },
      {
        "biome": "terralith:alpine_highlands",
        "color": "#3FB600"
      },
      {
        "biome": "minecraft:warm_ocean",
        "color": "#0080B5"
      },
      {
        "biome": "minecraft:deep_ocean",
        "color": "#10175E"
      },
      {
        "biome": "terralith:basalt_cliffs",
        "color": "#282728"
      },
      {
        "biome": "terralith:white_cliffs",
        "color": "#C6CACE"
      },
      {
        "biome": "terralith:orchid_swamp",
        "color": "#7CB299"
      },
      {
        "biome": "terralith:mirage_isles",
        "color": "#6D95AF"
      },
      {
        "biome": "terralith:alpha_islands",
        "color": "#AD7153"
      },
      {
        "biome": "terralith:warm_river",
        "color": "#0E1480"
      },
      {
        "biome": "terralith:skylands_winter",
        "color": "#BABEE2"
      },
      {
        "biome": "terralith:skylands_spring",
        "color": "#BABE9F"
      },
      {
        "biome": "terralith:skylands_autumn",
        "color": "#BABE4A"
      },
      {
        "biome": "terralith:skylands_summer",
        "color": "#BA4E4A"
      },
      {
        "biome": "minecraft:beach",
        "color": "#B78B8F"
      }
    ]
  }
}