{
    "variants": {
        "": [
            { "model": "block/lily_pad", "weight": 120 },
            { "model": "block/lily_pad", "y": 90, "weight": 120 },
            { "model": "block/lily_pad", "y": 180, "weight": 120 },
            { "model": "block/lily_pad", "y": 270, "weight": 120 },
            { "model": "block/lily_pad_lb", "weight": 3 },
            { "model": "block/lily_pad_lb", "y": 90, "weight": 3 },
            { "model": "block/lily_pad_lb", "y": 180, "weight": 3 },
            { "model": "block/lily_pad_lb", "y": 270, "weight": 3 },
            { "model": "block/lily_pad_m", "weight": 2 },
            { "model": "block/lily_pad_m", "y": 90, "weight": 2 },
            { "model": "block/lily_pad_m", "y": 180, "weight": 2 },
            { "model": "block/lily_pad_m", "y": 270, "weight": 2 },
            { "model": "block/lily_pad_o", "weight": 3 },
            { "model": "block/lily_pad_o", "y": 90, "weight": 3 },
            { "model": "block/lily_pad_o", "y": 180, "weight": 3 },
            { "model": "block/lily_pad_o", "y": 270, "weight": 3 },
            { "model": "block/lily_pad_p", "weight": 3 },
            { "model": "block/lily_pad_p", "y": 90, "weight": 3 },
            { "model": "block/lily_pad_p", "y": 180, "weight": 3 },
            { "model": "block/lily_pad_p", "y": 270, "weight": 3 },
            { "model": "block/lily_pad_r", "weight": 2 },
            { "model": "block/lily_pad_r", "y": 90, "weight": 2 },
            { "model": "block/lily_pad_r", "y": 180, "weight": 2 },
            { "model": "block/lily_pad_r", "y": 270, "weight": 2 },
            { "model": "block/lily_pad_w", "weight": 4 },
            { "model": "block/lily_pad_w", "y": 90, "weight": 4 },
            { "model": "block/lily_pad_w", "y": 180, "weight": 4 },
            { "model": "block/lily_pad_w", "y": 270, "weight": 4 }
        ]
    }
}
